Domain,Machine Learning Task,User Story,par solar
Economics,hierarchical clustering,"As an economist, I want to use hierarchical clustering to group similar economic sectors and industries based on the financial and economic indicators of business data to improve the accuracy and efficiency of economic analysis and prediction.","As a professional in economics, the requirement is to implement hierarchical clustering for categorizing comparable economic domains and industries based on their financial and economic attributes derived from business statistics, with an objective to enhance the precision and speed in economic research and forecasting."
Computer Vision,canonical correlation analysis,"As a computer vision researcher, I want to use canonical correlation analysis to identify the relationship between image features and object recognition accuracy.","I, as a professional specialized in computer vision research, aim to employ canonical correlation analysis for establishing a link between the attributes of images and the effectiveness of object identification."
Law,machine learning,"As a lawyer, I want to use machine learning to analyze case data and predict outcomes to inform legal strategy and improve outcomes for clients.","For an attorney's perspective, the intention is to employ advanced machine learning techniques to scrutinize historical cases' information, forecast verdicts, assist in shaping legal approaches, and ultimately result in enhanced results for the clients."
Transportation,information retrieval,"As a transportation analyst, I want to use information retrieval to search for and extract relevant information on traffic patterns and infrastructure variables from large-scale transportation datasets, in order to develop more effective transportation management strategies.","In terms of a professional role, being a specialist in transport analysis necessitates employing data discovery to find and isolate significant details regarding the ebbs and flows of traffic and factors related to transportation infrastructure from gigantic databases on transportation. This is undertaken for the ultimate goal of crafting more potent strategies in managing transportation resources efficiently."
Plant Science,semantic dependency parsing,"As a plant scientist, I want to use semantic dependency parsing in machine learning models to analyze plant genetic and molecular data, such as gene expression and protein interactions, to identify the functional relationships between genes and to understand the underlying biological processes that affect plant growth and productivity.","In simpler terms, as a specialist in plants' scientific research, I aim to incorporate semantic dependency parsing into machine learning systems. This will help me decipher data regarding plant genetics and molecules, encompassing aspects like gene activity and protein connections, ultimately revealing the functional links between genes and the biological activities that influence plant growth and yield."
Literature,document clustering,"As a literary critic, I want to apply document clustering to group literary texts by genre or author, so that I can more easily analyze literary trends and develop more informed literary criticism.","In terms of an individual involved in literary evaluation, the intention is to utilize text categorization for organizing written works based on their genre or creator. The primary purpose being to facilitate simpler examination of literary developments and fostering a more well-informed approach towards literary appraisals."
News,speech synthesis,"As a news editor, I want to use speech synthesis to generate audio versions of news articles and broadcasts, which can help me to improve accessibility for people with visual impairments.","For an individual working as a news editorial professional, the desire is to incorporate text-to-speech technology in creating audible adaptations of news publications and broadcasts, thereby enhancing usability for individuals dealing with sight limitations."
Pediatrics,similarity learning,"As a pediatrician, I want to use similarity learning algorithms to analyze patient data and identify similarities between different childhood diseases, to better understand patient needs and inform treatment decisions.","For a medical professional specialized in childcare, there is a need to employ likeness-based machine learning approaches for examining health records and discerning commonalities among diverse illnesses prevalent in children. This pursuit aims to foster a comprehensive grasp of patients' requirements, subsequently assisting in making well-informed therapeutic choices."
Economics,neuromorphic engineering,"As an economist, I want to use neuromorphic engineering to model and predict economic behavior and trends, so that we can make better decisions about resource allocation and policy-making.","As a specialist in economics, I seek employing neuromorphic engineering for simulating and forecasting economic actions and fluctuations. The purpose is to enhance our capability for choosing optimal resource distribution and enacting more effective governmental regulations."
Urban Studies,case-based reasoning,"As a city planner, I want to use case-based reasoning to identify the best solutions for a particular urban planning problem.","I, representing a role as an urban development specialist, aim to employ a methodology of instance-driven inference to discern the most optimal answers for specific urban design predicaments."
Computer Networks,supervised learning,"As a network administrator, I want to use supervised learning to analyze network data and predict network failures or security breaches, so that I can improve network reliability and security.","In the context of being an IT specialist responsible for networks, there's a desire to implement guided learning techniques for examining network information, forecast potential malfunctions or safety violations, in order to enhance overall dependability and protection levels within the system."
Health,data augmentation,"As a healthcare provider, I want to use data augmentation techniques to generate additional training data for machine learning models used in disease diagnosis and treatment outcome prediction, so that the models can be more accurate and generalize better across different patient populations and regions.","For a medical professional, it is essential to employ data expansion strategies to create extra instructional inputs for artificial intelligence algorithms in identifying illnesses and anticipating therapeutic results. This aims to improve the reliability of these models and enable them to adapt efficiently to diverse patient communities and geographical areas."
Computer Networks,backpropagation,A network engineer is using machine learning to detect anomalies in network traffic. They are training a neural network using backpropagation to improve the accuracy of the anomaly detection model.,"A professional specialized in networks is employing artificial intelligence for uncovering irregularities within data flows. To refine the performance of this abnormality identification system, they're implementing a neural network and relying on backpropagation for learning enhancement."
Health,sentence generation,"As a healthcare provider, I want to use sentence generation to automatically generate patient education materials, to improve patient outcomes and standardize documentation.","From the perspective of a medical professional, there is a desire to incorporate automated sentence creation in order to develop instructional resources for patients. This aims to enhance health results and ensure consistent recording practices through standardization."
Economics,reinforcement learning,"As an economist, I want to use reinforcement learning to develop more accurate models of market dynamics and behavior.",A market specialist desires employing reinforcement learning to create highly precise models depicting economic system fluctuations and conduct. The primary intention for this economist is to enhance the predictive accuracy through implementation of reinforcement learning in modeling market dynamics and human behavior within that context.
Urban Studies,computational linguistics,"As an urban planner, I want to use computational linguistics to analyze news articles and social media posts to understand how residents feel about proposed changes to the city's transportation infrastructure.","In lieu of being an urban planning professional, my goal is to employ advanced language computation methods to scrutinize published news and examine social networking site content, in order to decipher the sentiments of locals concerning suggested alterations in the metropolitan area's transit framework."
Political Science,latent dirichlet allocation,"As a political scientist, I want to use latent Dirichlet allocation to identify latent topics in political speeches related to foreign policy, so that I can better understand political discourse and identify potential areas of disagreement.","In the perspective of a researcher specializing in politics, employing hidden variable distribution approach is desired for extracting concealed themes from orations on national affairs particularly foreign policies. The intention is to foster a more profound comprehension of political conversations and single out probable divisions."
Sport,classification method,"As a sports analyst, I want to use classification methods to classify different types of player performance, so that I can better predict game outcomes.","In pursuit of enhancing prediction accuracy for match results, as an individual involved in sports analysis, I am interested in employing categorization techniques to distinguish various categories of athlete performances."
Literature,c4.5 algorithm,"As a literary scholar, I want to use the C4.5 algorithm to analyze patterns in literary texts and identify themes, motifs, and other literary elements.","As an academic expert in literature, I seek to implement the C4.5 approach for discerning patterns within written works and extracting key components like topics, recurring symbols, and other significant literary attributes."
News,factorization method,"As a journalist or news analyst, I want to use factorization methods to analyze news data and identify key factors affecting news coverage and public opinion, so that I can provide better news analysis and insights.","I, representing a journalist or news expert, seek to employ techniques associated with factorization for breaking down information in news datasets. This is to expose essential elements influencing media reporting and the general perspective of the masses. In turn, this would enable me to deliver more exceptional news evaluations and enlightening perspectives."
Social Media,embedding approach,"As a social media analyst, I want to use an embedding approach to represent user profiles and their interests based on their social media activity and interactions, in order to recommend personalized content and advertisements.","I, as a professional handling social media analysis, am seeking an embedding technique for depicting users' personas and preferences derived from their social networking behaviors and communications. This will enable me to present custom-made content suggestions and ads accordingly."
Cardiology,backpropagation,"A cardiologist is using machine learning to predict the risk of heart disease in patients based on various factors such as age, gender, and lifestyle. They are training a neural network using backpropagation to improve the accuracy of the risk prediction model.","A medical specialist in heart-related issues is employing artificial intelligence algorithms for estimating the likelihood of cardiovascular disorders in patients considering aspects like age, sex, and personal habits. For enhancing the reliability of this forecasting method, they are refining a neural network through backward propagation of errors."
Nephrology,fully connected layer,"As a nephrologist, I want to use fully connected layers to predict kidney outcomes based on large datasets of patient kidney data, so that I can better diagnose and treat kidney disease.","I, as a specialist in kidney diseases, seek to employ interlinked layers for forecasting renal results from extensive collections of patients' kidney-related information, with the ultimate aim of enhancing the accuracy in identifying and managing kidney disorders."
Movies,multi-class classification,"As a movie producer, I want to use multi-class classification to classify different types of movie genres based on their characteristics and audience appeal, in order to develop more effective marketing and distribution strategies.","I, as a film industry professional, seek a versatile categorization technique for discerning diverse movie category distinctions grounded in features and viewer attraction, with the aim of fostering stronger promotional and circulation tactics."
Linguistics,string kernel,"As a linguist, I want to use string kernel methods to analyze patterns in language data, such as word frequencies and grammatical constructions, and identify common linguistic themes and trends, such as the emergence of new words and language families, in order to develop more accurate models of language acquisition and processing and improve natural language processing systems.","In terms of a linguist's perspective, there is a necessity for employing string kernel techniques to examine language datasets with respect to aspects like word occurrences and syntactical structures. The main goal is to discover prevalent linguistic themes and evolving trends, such as novel vocabulary and the origin of new language groups. This knowledge ultimately contributes to creating more precise models around language learning and comprehension, subsequently enhancing natural language processing technologies."
Pharmacology,multi-class classification,"As a pharmacologist, I want to use multi-class classification to classify different types of drugs based on their molecular and cellular targets, in order to develop more effective drug therapies and improve patient outcomes.","For a molecular researcher specializing in pharmacology, the need arises to implement a multiclass categorization approach. This is to distinguish various drug categories according to their molecular and cellular interactions. The ultimate aim is to produce advanced medication treatments and enhance health results for patients."
Computer Networks,reservoir computing,"As a network engineer, I want to use reservoir computing to analyze network data and identify key factors that contribute to network performance and security, so that we can design better network systems.","In terms of a networking specialist, the aim is to employ reservoir computing for examining network information, with an objective to discern vital aspects affecting network efficiency and safety, ultimately leading to the creation of more effective network architectures."
Sociology,neural gas,"As a sociologist, I want to use neural gas to analyze and classify social data, such as survey responses and interview transcripts, so that I can better understand social structures and social change.","In terms of a sociological perspective, I desire to employ neural gas for interpreting and categorizing information derived from social sources like questionnaire outcomes and conversation recordings, with the end goal being an enhanced comprehension of societal arrangements and transformations over time."
Radiology,policy iteration,"As a radiologist, I want to use policy iteration to optimize patient treatment plans by developing a policy that considers factors such as medical imaging results, patient medical history, and treatment effectiveness.","As a specialist in X-ray analysis, I aim to employ an iterative approach for policies with the goal of enhancing patient care strategies. This would involve creating guidelines that take into account various elements including test visualizations from medical scans, patients' previous health incidents, and the efficiency of therapeutic interventions."
Linguistics,representation learning,"As a linguist, I want to use representation learning to analyze language data and identify key features that are predictive of language acquisition and usage, so that we can design better language education and translation systems.","In terms of an individual perspective, as a specialist in languages, the primary objective is to employ representation learning for exploring linguistic datasets. This will facilitate the extraction of critical characteristics directly related to how people learn and utilize languages. The ultimate purpose is to develop enhanced approaches in language teaching and more effective translation systems by comprehensively understanding these factors."
Literature,named entity recognition,"As a literary critic, I want to use named entity recognition to automatically identify and classify literary works and authors mentioned in literary analysis and criticism, so that I can better understand literary trends and analyze the cultural significance of different works.","In order to facilitate my role as a literature appraiser, I am seeking a named entity recognition tool that can autonomously label and categorize both literary pieces and their authors within critical evaluations and analyses. The primary aim is to develop a profound comprehension of the evolving literary patterns and critically assess the cultural impact of various artistic creations."
Library,neural network,"As a librarian, I want to use neural networks to analyze and predict book demand and popularity, so that I can improve book collection and availability for readers.","In order to enhance book selection and accessibility for patrons, as a professional working in a library, I aim to employ advanced artificial intelligence techniques like neural networks to forecast and scrutinize books' demands and prominence."
Dermatology,fss-svm,"As a dermatologist, I want to use FSS-SVM to select the most important dermatological features from large datasets of patient skin data, so that I can better diagnose and treat skin conditions.","In terms of a skin specialist's perspective, employing FSS-SVM is essential for prioritizing crucial dermatological characteristics from substantial medical skin databases of patients. This is to facilitate more accurate identification and management of skin-related issues."
Information Systems,pre-trained language model,"As an information systems analyst, I want to use a pre-trained language model to analyze system logs and user feedback, to identify system performance issues and user behavior patterns, and to use this information to develop more effective system design and troubleshooting strategies.","detecting any performance anomalies in the system and recognizing typical patterns of user behavior. Eventually, these insights will guide me towards crafting more productive system architectures and resolving troubleshooting challenges."
Library,neuromorphic engineering,"As a librarian, I want to explore the use of neuromorphic engineering in developing tools for more efficient cataloging and organization of library materials, so that we can improve access to information and knowledge.","As a professional managing a library, I aim to delve into neuromorphic engineering applications for creating better methods of categorizing and arranging library resources, thereby enhancing the availability and usability of data and wisdom."
Sport,conversational understanding,"As a sports organization, I want to use conversational understanding to develop a chatbot that can provide real-time updates on scores, schedules, and player statistics.","A chatbot is sought by a sporting entity as a tool employing natural language processing capabilities, for the purpose of offering instant information regarding scores, timetables, and athletes' statistical data in a live context."
Pediatrics,stochastic semantic analysis,"As a pediatrician, I want to use stochastic semantic analysis to analyze patterns in child health data and identify common trends in child health outcomes, in order to improve preventive care and early intervention for childhood illnesses.","As a medical professional specializing in children's care, I aim to employ chance-based meaning interpretation to examine recurrent aspects in youngsters' well-being statistics, thereby uncovering typical developments in children's health results. This is done with the ultimate goal of enhancing measures to prevent diseases and institute prompt interventions for childhood ailments."
Sociology,natural language semantics,"As a sociologist, I want to use natural language semantics to analyze social media posts and other online content, so that I can understand the underlying attitudes and beliefs that shape public opinion on social issues.","In terms of a sociologist's perspective, the desire is to employ the principles of natural language meaning for examining social media updates and internet materials, with an ultimate goal to decipher and comprehend the inherent sentiments and ideological convictions that contribute to public stance formation on societal matters."
Music,feature sets,"As a musician, I want to use feature sets to group music data by genre and rhythm, so that I can better understand musical trends and inform my own compositions.","In order to enhance my comprehension of musical patterns and influence my creative process, as an individual involved in music creation, I desire access to tools enabling categorization of melodies based on both their genre and beat characteristics."
Nephrology,perceptron,"As a nephrologist, I want to use perceptron to classify kidney disease based on patient health data to inform treatment plans and predict disease progression.","I, representing a specialist in kidney disorders (nephrologist), aim to employ the perceptron method for categorizing renal ailments using patients' medical information, with the purpose of guiding therapy selections and anticipating the evolution of the diseases."
Demography,novelty detection,"As a demographer, I want to use novelty detection to identify new demographic trends and patterns, so that we can better understand the dynamics of population change.","As a professional studying population statistics, I seek an innovative detection method to uncover emerging demographic tendencies and configurations. The primary objective is to enhance our comprehension of the evolving aspects in population shifts."
Urban Studies,n-grams,"As an urban planner, I want to use n-grams to analyze patterns in urban development and land use, so that I can better understand how cities evolve over time and make recommendations for sustainable urban planning.","In the perspective of a city designer, I am interested in employing n-gram approaches for discerning trends in urban expansion and property utilization. This is to acquire a more profound comprehension of city transformation dynamics and propose environmentally sustainable urban design strategies."
Pharmacology,classification method,"As a pharmacologist, I want to use classification methods to classify different types of drugs and their effects, so that I can develop targeted treatment plans.","As a professional in pharmaceuticals, my requirement entails exploring various drug categorization techniques for distinguishing distinct medications and their impacts, with the ultimate aim being the creation of personalized therapeutic approaches."
Literature,unsupervised clustering,"As a literary critic, I want to use unsupervised clustering to identify groups of literary works with similar themes and study their relationship to patterns of literary analysis and interpretation.","As a critique of literature, I aim to employ unguided categorization for discerning clusters of writings sharing analogous topics and analyze their connections to trends in literary examination and comprehension."
Medicine,liquid state machine,"As a medical researcher, I want to use liquid state machines to analyze and predict the efficacy of drugs and treatments based on various factors, such as dosage, patient demographics, and disease progression, allowing for better decisions about drug development and clinical trials.","In terms of a medical research perspective, the utilization of fluid-like automata is sought for examining and forecasting drug effectiveness considering aspects like quantity administered, patients' statistical attributes, and ailment advancement. The rationale lies in enhancing choices regarding pharmaceutical innovation and experimental exercises."
Social Media,explicit semantic analysis,"As a social media analyst, I want to use explicit semantic analysis to identify sentiment and trends on social media platforms, so that I can improve social media engagement and better understand user behavior.","As a specialist in societal communication networks, I aim to implement advanced meaning-based examination for discerning emotions and patterns prevalent across digital platforms, ultimately leading to enhanced interaction on social media and more insightful comprehension of users' actions."
Cardiology,elman network,"As a cardiologist, I want to use Elman networks to predict which patients are most at risk of developing heart disease based on their medical history, lifestyle factors, and genetic information. I also want to use Elman networks to model the progression of heart disease and predict the effectiveness of different treatments.","As a specialist in heart ailments, there's a requirement for me to employ Elman neural networks to estimate the level of heart disease susceptibility in patients considering their past health events, behavioral factors, and hereditary data. Moreover, the intention is to utilize these Elman networks for illustrating the course of heart diseases and forecasting treatment efficacy variations."
Transportation,computational linguistics,"As a transportation analyst, I want to use computational linguistics to analyze social media data and understand how people are discussing transportation issues in different regions.","In lieu of being a professional focused on transport studies, I aim to employ advanced language processing techniques to scrutinize information from online platforms like social media, with the objective of deciphering regional variations in public conversations related to transportation challenges."
Radiology,supervised deep networks,"As a radiologist, I want to use supervised deep networks to detect and classify anomalies in medical images such as tumors and fractures.","I, as a professional specializing in radioactivity, aim to employ pre-trained complex neural systems for identifying and categorizing abnormalities like cancerous growths (tumors) and broken bones (fractures) within medical photographic representations."
Economics,elbot,"As an economist, I want to use Elbot to analyze and forecast economic trends and outcomes, in order to inform economic policy decisions.","As a professional in economics, I aim to employ Elbot for examining historical patterns, predicting future tendencies, and determining economic results, with the ultimate purpose of guiding choices in economic policies."
Sociology,lifelong machine learning,"As a sociologist, I want to use lifelong machine learning to continuously improve my sociological models and theories and adapt them to changing social trends and patterns, in order to provide more accurate and insightful analysis of social phenomena and trends for use in social science research and other applications.","As a professional studying society, I seek a persistent AI-enhanced learning process. My aim is to consistently refine sociological frameworks and concepts, making them responsive to evolving societal tendencies and configurations. This, in turn, allows for enhanced, trustworthy interpretations of social events and tendencies that greatly benefit research within the realm of social sciences and other related fields."
Transportation,cnn,"As a transportation engineer, I want to use CNNs to classify different types of traffic patterns based on traffic camera footage, so that I can better understand traffic flows and develop targeted traffic management strategies.","In terms of a professional role as a transport infrastructure specialist, the goal is to implement CNN technology for categorizing diverse kinds of traffic behaviors from surveillance videos captured by road cameras. This is done with an intention to acquire in-depth insights into traffic movements and subsequently create customized approaches for controlling traffic congestion."
Biology,speech synthesis,"A team of bioacoustics researchers is using speech synthesis technology to study the vocalizations of non-human animals, such as birds and whales. The machine learning algorithms are trained to synthesize animal sounds, allowing the researchers to better understand the acoustic communication systems of different species.","A group of bioacoustics experts employ advanced speech generation techniques to investigate the vocal expressions of creatures other than humans, including birds and cetaceans (whales). By utilizing sophisticated machine learning methods, these scientists fine-tune equipment to replicate animal noises, thereby enhancing their comprehension of various species' distinctive acoustic communication mechanisms."
Psychology,pattern recognition,"As a psychologist, I want to use pattern recognition to identify patterns in patient behavior data and predict patient outcomes to inform treatment plans.","As a professional in psychology, there is a desire to employ pattern identification through pattern recognition means for analyzing the tendencies displayed by patients. The ultimate goal is to foresee possible outcomes for these individuals to subsequently guide and shape their therapeutic interventions more effectively."
Social Media,tokenization,"As a social media marketer, I want to tokenize user comments to understand sentiment towards a product.","A product sentiment analysis is essential for me as a social media marketing specialist, with the specific need to break down users' comments into tokens for better interpretation of their sentiments."
Political Science,feature extraction,"As a political scientist, I want to use feature extraction to identify and extract meaningful features from political data, such as voting patterns and political affiliation, so that we can better understand and analyze political systems.","As a researcher in politics, I aim to employ feature extraction for picking out significant attributes from political information like electoral habits and ideological connections, with the ultimate goal being an enhanced comprehension and examination of various political frameworks."
Library,multinomial logistic regression,"As a librarian, I want to use multinomial logistic regression to predict user preferences and needs based on library usage data and user characteristics to enhance access and discovery for library users.","In terms of a librarian's perspective, the aim is to employ multinomial logistic regression for forecasting patrons' preferences and requirements. This prediction will be derived from data comprising library activity and user-related attributes, with the ultimate goal of improving the overall accessibility and resource unveiling process for library users."
Social Networks,recurrent network,"As a social network, I want to use a recurrent network to predict user connections and social network dynamics, based on historical data and social network interactions, so that I can improve the social network experience for my users.","I aim as a social platform to employ a recursive model for forecasting user relationships and the evolution of social networks from past statistics and social media engagements, with an end goal of enhancing the overall social networking journey for our community members."
Movies,keyword spotting,"As a movie producer, I want to use keyword spotting to identify specific themes and elements in movie scripts, so that I can develop more engaging and successful movies.","I, functioning as a film industry professional, seek keyword detection technology to extract distinctive topics and features from screenplays. This is aimed at fostering the creation of more captivating and profitable films."
Movies,dependency parsing,"As a film analyst, I want to use dependency parsing to analyze movie scripts and identify narrative patterns.","An individual working as a cinema researcher aims to employ dependency parsing for examining screenplays, with the ultimate goal of discerning typical storyline structures."
Literature,representation learning,"As a literary scholar, I want to use representation learning to analyze literary data and identify key features that are predictive of literary success, so that we can design better literary analysis tools and publishing strategies.","In terms of an academic perspective on literature, I as a researcher aim to incorporate representative algorithms for learning from textual sources. The goal is to detect noteworthy attributes correlated with literary acclaim. This information will subsequently empower the development of more effective literary interpretation methods and well-informed publication approaches."
Computer Vision,text mining,"As a computer vision researcher, I want to mine image data to analyze image content and context to inform computer vision research and application.","An individual, specifically a specialist in computer vision studies, seeks to extract valuable information from visual data for the purpose of examining picture components and surrounding circumstances. This is carried out with the intent to contribute insights to the field of computer vision development and practical usage."
Political Science,classifier chain,"As a political scientist, I want to use a classifier chain to predict different types of political outcomes, taking into account the interactions between multiple factors, such as public opinion and media coverage, so that I can better understand political dynamics.","In order to enhance comprehension of political intricacies, as an individual specialized in political science, I aim to employ a sequential chain of classifiers for forecasting diverse political results. This prediction process encompasses a comprehensive consideration of the interplays between various factors including public sentiment and media exposure."
Social Work,tree algorithms,"As a social worker, I want to use tree algorithms to analyze patient data and identify factors that influence mental health outcomes.",An exemplar of a welfare professional seeks applications of tree-structured algorithms for examining client statistics and discerning aspects that impact psychological well-being results.
Demography,decision boundary,"As a demographer, I need to identify the decision boundary for a population segmentation model to analyze demographic trends.","In terms of my role as a demographics specialist, it is essential to determine the discriminating threshold for a group division algorithm in order to examine developments within the demographic domain."
Social Networks,part-of-speech,"As a social network researcher, I want to use part-of-speech tagging to analyze messages exchanged between users to identify patterns in communication.","In terms of a persona as an investigator focusing on social networks, the aim is to implement part-of-speech labeling for examining the conversations among users with the ultimate goal of discerning typical communication patterns."
Computer Vision,support vector regression,"As a computer vision researcher, I want to use Support Vector Regression (SVR) to predict the performance of object detection and recognition algorithms based on various visual features such as color, texture, and shape so that I can optimize algorithm design and improve accuracy.","In terms of a computer vision expert's perspective, utilizing Support Vector Regression (SVR) is essential for anticipating the functionality of object detection and identification algorithms concerning attributes like hue, texture, and form. This is to enhance algorithm structure and subsequently boost precision levels."
Psychology,graph mining,"As a psychologist, I want to use graph mining to analyze social networks and identify factors that contribute to mental health, so that I can develop more effective interventions and treatment plans.","As a professional in psychology, there is a desire to employ graph mining for exploring societal connections, discerning influencing aspects on mental well-being, and ultimately devise advanced intervention strategies and therapeutic course of actions."
Transportation,multiword expressions,"As a transportation engineer, I want to extract multiword expressions from social media data related to traffic to analyze traffic patterns.","As an expert in infrastructure movement, I aim to derive compound phrases from online community sources dealing with mobility, for the purpose of interpreting and understanding traffic behaviors."
Literature,value iteration,"As a literary critic, I want to use value iteration to optimize the allocation of literary resources and improve access to literature, so as to promote literacy and cultural understanding.","In order to enhance literacy and cultural awareness, as a person critically evaluating literature, I aim to employ value iteration for effectively distributing resources related to literature. This will result in an improved availability of literary materials."
Information Systems,sentence extraction,"As an information systems analyst, I want to use sentence extraction to automatically identify key information from user feedback, to quickly identify common issues and areas for improvement in software and enhance user experience.","A role holding information systems expert seeks a tool for extracting sentences. The aim is automatic pinpointing of significant data from customer responses, expediting the process of recognizing frequent problems and potential upgrades in applications to ultimately foster better user interactions."
Psychology,lexical choice,"As a psychologist, I want to use a machine learning system for lexical choice to improve the accuracy and readability of my research papers and psychological reports, so that I can better communicate my findings to other mental health professionals and patients.","In order to enhance communication with fellow mental health experts and patients, as a psychologist I seek a machine learning tool for selecting appropriate words in research articles and psychological evaluations, striving for higher precision, readability, and ultimately, greater impact on the intended audience."
Cardiology,word error rate,"As a cardiologist, I want to use word error rate to evaluate the accuracy of automated transcription of medical reports and patient notes, so that I can provide more accurate and effective treatments for my patients.","In terms of a heart specialist's perspective, the emphasis is on employing word error rates as a means to assess the precision of automatically transcribed medical case summaries and individual case documents. This is undertaken with an overarching aim of delivering more precise and fruitful therapies for patients under my care."
Health,one-class classification,"As a healthcare professional, I want to use one-class classification to detect anomalous behavior in electronic health records, so that I can identify potential medical errors or fraud.","In terms of a healthcare practitioner's perspective, employing an individual class categorization is desirable to uncover irregular patterns in digital medical histories. The ultimate aim is to expose any possible occurrences of medical mistakes or deceptive activities."
Demography,learning linear model,"As a demographer, I want to use learning linear models to predict population growth and migration patterns in different regions.","In terms of a demographic specialist, the desire is to employ education on linear model concepts for forecasting population expansion and movement trends across multiple areas."
Biology,natural language processing,"A pharmaceutical company is using natural language processing to analyze scientific papers and identify potential drug targets for a particular disease. The machine learning algorithms are trained to recognize key phrases and concepts related to the disease, allowing the company to quickly identify promising targets for further study.","A drug firm employs advanced language decoding to examine academic writings and locate feasible medication focal points concerning a specific health condition. By means of machine learning systems that have been educated to discern significant expressions and ideas associated with the disease, the company can swiftly single out noteworthy prospects for more in-depth investigation."
Computer Networks,legal information retrieval,"As a network engineer, I want to use a legal information retrieval system powered by machine learning to search and analyze laws and regulations related to data privacy and security, so that I can ensure compliance and protect user data.","In terms of a network specialist's perspective, there is a need for accessing an authorized, machine learning-driven legal database. This system facilitates the exploration of privacy and security laws and regulations to uphold conformity and safeguard user information."
News,question answering,"As a journalist, I want to use question answering to quickly find information about news events and trends, in order to inform my news coverage and reporting.","In terms of a reporter's perspective, I desire a quest for utilizing query-answering functionality to expeditiously gather data on current occurrences and emerging tendencies. This pursuit serves the purpose of enhancing my news presentation and narrative composition."
Demography,rule induction,"As a demographer, I want to use rule induction to identify the factors that influence migration patterns, so that I can better understand population dynamics.","As a professional examining population distributions, I aim to employ a rule finding approach for discovering influencing variables on the movement of populations, in order to enhance my grasp on demographic fluctuations."
Endocrinology,pre-trained language model,"As an endocrinologist, I want to use a pre-trained language model to analyze medical research and patient records, to identify patterns in hormone levels and treatment responses, and to use this information to develop more accurate and effective hormone therapies.","A specialist in endocrine disorders seeks a prepared natural language processing tool for examination of healthcare studies and individual case files. The intention is to discern trends in hormonal measurements and reactions to medications, subsequently utilizing the insights for crafting enhanced, dependable hormone treatment regimens."
Information Systems,fasttext,"As an information systems professional, I want to use fasttext to classify and categorize information in databases and information systems, so that users can find information more easily and accurately.","As a specialist in information systems, I aim to employ fasttext for database and system data classification and categorization purposes, facilitating enhanced user accessibility and precision in locating required information."
Music,encoder-decoder model,"As a music producer, I want to use an encoder-decoder model to generate personalized music recommendations for listeners based on their historical listening behavior and interests, in order to improve user engagement and satisfaction.","I, as a music production professional, seek to implement an encoder-decoder system that tailors exclusive musical suggestions according to users' past listening patterns and preferences. The goal is to enhance user interaction and contentment through such personalized recommendations."
Sociology,phrase embeddings,"As a sociologist, I want to use phrase embeddings to analyze the relationships between social phenomena and their representation in social media to better understand public perceptions of social issues and inform social theory and analysis.","In the context of a social scientist's perspective, embedding phrases is sought for the purpose of examining interconnections between societal occurrences and their manifestations on digital platforms. The ultimate goal is to decipher people's perspectives regarding societal matters and guide future advancements in social theory and investigation."
Social Work,stemming,"As a social worker, I want to use stemming algorithms to analyze social work case notes and identify related cases, so that I can better understand and address the needs of my clients.","As a professional in sociology, I seek stemming technologies for examining records on social assistance to discern interconnected instances. The purpose is to enhance comprehension and provide more efficient assistance to the individuals I serve."
Social Media,information processing language,"As a social media marketer, I want to use information processing language to develop algorithms for analyzing user interests and preferences from social media data, in order to develop more effective social media marketing strategies.","I, representing a social media specialist, aim to implement advanced language techniques for extracting and processing data, with the goal of creating programs that discern users' inclinations and preferences from social networking sources. Ultimately, this will facilitate the creation of stronger and more successful tactics in the realm of social media promotion."
Finance & Marketing,learning linear model,"As a marketer, I want to use learning linear models to predict consumer behavior and optimize advertising campaigns.","In terms of a marketing perspective, the desire is to implement linear model education for forecasting individuals' actions and maximizing promotional endeavors' effectiveness."
Endocrinology,random subspace method,"As an endocrinologist, I want to use the random subspace method to identify the most significant factors that affect diabetes risk.","For a medical specialist in hormones, the aim is to employ the random subspace approach in order to discern the notably influential elements contributing to the likelihood of developing diabetes."
Music,regularization,"As a music producer, I want to use regularization techniques to improve the accuracy of my music recommendation models and better match listeners with new music.","In pursuit of enhancing music suggestions' precision, as a music creator, I seek to integrate regularization strategies into my approach in order to more suitably pair users with novel audio content."
Demography,learning from implicit feedback,"As a demographer, I want to use learning from implicit feedback to better understand population migration patterns and identify factors that influence people to move to different areas, allowing for more accurate projections of future population trends and resource allocation.","As a professional analyzing populations, I desire to employ insights gained through indirect indications to unravel the complexities of population displacement and recognize key elements driving individuals' relocation decisions. This enhanced understanding will subsequently enable more precise estimations in predicting future demographic developments and facilitating wiser distribution of resources."
Urban Studies,spiking neural network,"As an urban planner, I want to use spiking neural networks to analyze data on population growth, migration, and housing patterns so that I can make informed decisions about land use, zoning, and infrastructure development.","As a professional in city design, I am interested in employing spiking neural networks for examining information on expanding populations, movement shifts, and residential tendencies with the end goal of obtaining knowledge to guide choices regarding property utilization, district appointments, and foundation improvement."
Finance & Marketing,query expansion,"As a marketer, I want to use query expansion to identify new market trends and opportunities by expanding the search to include related keywords and market data, in order to improve marketing strategies and performance.","As a professional engaged in promoting products or services, my desire is to employ query expansion for uncovering emerging market fads and prospects. This is achieved by broadening the search to encompass associated terminology and statistical market information, with the end goal of enhancing marketing tactics and outcomes."
Computer Networks,fss-svm,"As a network engineer, I want to use FSS-SVM to select the most informative network features from large datasets of network traffic data, so that I can better optimize network performance and improve security.","As a specialist in networking, I aim to employ FSS-SVM for extracting vital network characteristics from substantially sized collections of network activity information. The intention is to enhance network efficiency and ensure a more robust security system."
Law,inductive logic learning,"As a legal researcher, I want to use inductive logic learning to identify patterns in legal cases, in order to develop new insights into legal decision-making and inform legal policy decisions.","As a professional exploring law, I aim to employ inductive logic learning for extracting tendencies from legal scenarios, ultimately leading to enhanced understanding of judicial actions and guiding choices on legislative policies."
Radiology,random forest,"As a radiologist, I want to use random forest models to predict disease progression and treatment outcomes based on variables such as patient demographics, medical history, and imaging results, in order to improve patient care and inform medical practice.","In terms of a radiologist's perspective, the user story highlights the desire to employ random forest algorithms for forecasting health condition developments and therapies' consequences. Factors considered encompass patient age, ethnicity, prior illnesses, and imaging data, ultimately aiming at enhancing healthcare standards and guiding medical profession practices."
Music,feedforward neural network,"As a musician, I want to use a feedforward neural network to predict musical success and audience preferences based on music data, so that I can better inform music production decisions and improve my compositions.","As a musical artist, I seek employing a feedforward neural network for forecasting the popularity of music and identifying preferred tastes among listeners from provided data. This is aimed at enhancing informed decision-making in creating future compositions."
Political Science,inverse reinforcement learning,"As a political scientist, I want to use inverse reinforcement learning to understand the factors that influence political decision-making and voting behavior, so that I can better understand political trends and make predictions.","As an academic specialist in politics, I aim to apply inverse reinforcement learning for examining the determinants of political actions taken by individuals as well as their voting habits. My ultimate goal is to enhance my grasp on evolving political patterns and subsequently improve forecasts."
Sociology,early stopping,"As a sociologist, I want to use early stopping to prevent overfitting in models that predict social inequality and mobility from survey data.","In terms of a sociological perspective, the desire is to incorporate early stopping for preventing model overfitting, as these models forecast social disparity and migration based on survey information."
Finance & Marketing,machine learning,"As a marketer, I want to use machine learning to analyze consumer data and develop more targeted marketing campaigns that are more effective at driving sales.","From the perspective of a marketing professional, there is a desire to incorporate artificial intelligence techniques, specifically machine learning, for the purpose of comprehensively examining customer information. The ultimate aim is to devise advertising initiatives that are more tailored and produce greater results in boosting product or service purchases."
News,glove,"As a news analyst, I want to use GloVe to analyze and understand patterns of language use and sentiment in news media to help identify potential biases, fake news, and other forms of media manipulation and promote more informed and ethical news reporting.","To facilitate uncovering biases, combating false information, and encouraging moral journalism, as a professional scrutinizing news, I am inclined to employ GloVe for discerning linguistic patterns, sentiment dynamics, and subsequent interpretations within various news sources. This will assist in spotting instances of media manipulation and ultimately foster well-informed narratives in the news sphere."
Music,rnn architecture,"As a music producer, I want to use RNN architecture to analyze listener data over time, so that we can identify trends and patterns in music preferences and design better music recommendation systems.","As a creator of musical content, I am interested in employing an RNN (Recurrent Neural Network) framework to examine audience statistics longitudinally. The purpose is to extract insights into tendencies and arrangements in preference for melodies, ultimately leading to the development of more efficient music suggestions algorithms."
