Domain,Machine Learning Task,User Story,par llava
Economics,hierarchical clustering,"As an economist, I want to use hierarchical clustering to group similar economic sectors and industries based on the financial and economic indicators of business data to improve the accuracy and efficiency of economic analysis and prediction.","As a professional in economics, I desire to utilize hierarchical clustering for organizing related economic fields and enterprises using business data's financial and economic metrics to enhance the precision and speed of economic research and forecasting. "
Computer Vision,canonical correlation analysis,"As a computer vision researcher, I want to use canonical correlation analysis to identify the relationship between image features and object recognition accuracy.","As a researcher in computer vision, my goal is to leverage canonical correlation analysis for determining the connection between visual features of an image and the accuracy of object recognition. "
Law,machine learning,"As a lawyer, I want to use machine learning to analyze case data and predict outcomes to inform legal strategy and improve outcomes for clients.","As an attorney, I desire to harness the power of machine learning to scrutinize legal cases, forecast results, and contribute to crafting effective legal strategies that ultimately benefit my clients. "
Transportation,information retrieval,"As a transportation analyst, I want to use information retrieval to search for and extract relevant information on traffic patterns and infrastructure variables from large-scale transportation datasets, in order to develop more effective transportation management strategies.","As an analyst of transportation, I desire to utilize data retrieval techniques to discover and extract pertinent information related to traffic flow patterns and key infrastructure factors from substantial transport datasets, so as to create efficient strategies for managing transportation networks. "
Plant Science,semantic dependency parsing,"As a plant scientist, I want to use semantic dependency parsing in machine learning models to analyze plant genetic and molecular data, such as gene expression and protein interactions, to identify the functional relationships between genes and to understand the underlying biological processes that affect plant growth and productivity.","As an expert in botany, I wish to apply semantic dependency parsing techniques in artificial intelligence systems to evaluate plant genetics and molecular data, including gene expression and protein interactions, for determining the connections between genes and unveiling the intricate biological mechanisms that contribute to plant growth and efficiency. "
Literature,document clustering,"As a literary critic, I want to apply document clustering to group literary texts by genre or author, so that I can more easily analyze literary trends and develop more informed literary criticism.","As an expert in literature, I need to use document clustering techniques to classify texts into categories such as genres or authors. This will allow me to evaluate literary patterns and produce a more accurate analysis of the literary world. "
News,speech synthesis,"As a news editor, I want to use speech synthesis to generate audio versions of news articles and broadcasts, which can help me to improve accessibility for people with visual impairments.","As an editor, I desire to utilize voice synthesis technology in order to create audio versions of news articles and transmissions, thereby enhancing the accessibility for individuals who suffer from visual impairments. "
Pediatrics,similarity learning,"As a pediatrician, I want to use similarity learning algorithms to analyze patient data and identify similarities between different childhood diseases, to better understand patient needs and inform treatment decisions.","As a medical professional specializing in children's health, it would be beneficial for me to apply machine learning techniques to study patient data from various childhood illnesses and detect similarities among them. This information can help me gain insights into the unique requirements of each condition and make more accurate and effective treatment decisions. "
Economics,neuromorphic engineering,"As an economist, I want to use neuromorphic engineering to model and predict economic behavior and trends, so that we can make better decisions about resource allocation and policy-making.","From an economist's perspective, I desire to utilize neuromorphic engineering to simulate and forecast economic activities and patterns. This would enable us to make more informed choices regarding the distribution of resources and policymaking. "
Urban Studies,case-based reasoning,"As a city planner, I want to use case-based reasoning to identify the best solutions for a particular urban planning problem.","As an urban planner, I desire to apply case-based reasoning to locate optimal resolutions for specific urban planning dilemmas. "
Computer Networks,supervised learning,"As a network administrator, I want to use supervised learning to analyze network data and predict network failures or security breaches, so that I can improve network reliability and security.","As an IT professional, I wish to employ machine learning algorithms for the purpose of examining network-related information in order to anticipate network disruptions or cyberattacks. This would allow me to enhance the dependability and safety of the network. "
Health,data augmentation,"As a healthcare provider, I want to use data augmentation techniques to generate additional training data for machine learning models used in disease diagnosis and treatment outcome prediction, so that the models can be more accurate and generalize better across different patient populations and regions.","As a healthcare professional, it is desired to utilize data augmentation methods to produce extra training data for machine learning systems employed in diagnosing illnesses and predicting treatment outcomes, with the goal of enhancing the precision and versatility of these models for various patient demographics and geographical locations. "
Computer Networks,backpropagation,A network engineer is using machine learning to detect anomalies in network traffic. They are training a neural network using backpropagation to improve the accuracy of the anomaly detection model.,A tech expert is employing artificial intelligence techniques to pinpoint irregularities in internet traffic. They are refining a learning system through backpropagation for enhancing the precision of the model that identifies unusual activities on the network. 
Health,sentence generation,"As a healthcare provider, I want to use sentence generation to automatically generate patient education materials, to improve patient outcomes and standardize documentation.","As a medical professional, I need an automated tool that can create educational materials for patients using sentence generation. This would enhance patient results and ensure consistency in recording information. "
Economics,reinforcement learning,"As an economist, I want to use reinforcement learning to develop more accurate models of market dynamics and behavior.","As a market analyst, I desire to implement reinforcement learning techniques to create more precise models of economic patterns and actions. "
Urban Studies,computational linguistics,"As an urban planner, I want to use computational linguistics to analyze news articles and social media posts to understand how residents feel about proposed changes to the city's transportation infrastructure.","As a city planner, I would like to use computational linguistics to examine news reports and social media updates in order to gauge the sentiment of residents regarding suggested alterations to the urban transportation network. "
Political Science,latent dirichlet allocation,"As a political scientist, I want to use latent Dirichlet allocation to identify latent topics in political speeches related to foreign policy, so that I can better understand political discourse and identify potential areas of disagreement.","As a researcher in the field of political science, my objective is to employ Latent Dirichlet Allocation (LDA) to uncover underlying themes within political speeches that pertain to foreign policy. By doing so, I hope to gain a deeper understanding of political discourse and potentially identify points of contention among politicians or parties. "
Sport,classification method,"As a sports analyst, I want to use classification methods to classify different types of player performance, so that I can better predict game outcomes.","As an analyst, my objective is to utilize classification techniques in order to categorize various aspects of a player's performance in the context of sports. This will enable me to accurately forecast the results of games. "
Literature,c4.5 algorithm,"As a literary scholar, I want to use the C4.5 algorithm to analyze patterns in literary texts and identify themes, motifs, and other literary elements.","As a literature enthusiast, I need a tool that can help me analyze different literary elements such as themes, motifs, and patterns within literary texts using the C4.5 algorithm. "
News,factorization method,"As a journalist or news analyst, I want to use factorization methods to analyze news data and identify key factors affecting news coverage and public opinion, so that I can provide better news analysis and insights.","As a journalist or news analyst, my goal is to employ factorization techniques to examine news data and determine the primary factors influencing news coverage and public sentiment. By doing so, I aim to offer enhanced news analysis and valuable insights. "
Social Media,embedding approach,"As a social media analyst, I want to use an embedding approach to represent user profiles and their interests based on their social media activity and interactions, in order to recommend personalized content and advertisements.","As a social media analyst, I need to employ an embedding method to depict user accounts and their inclinations derived from their social media engagements and communications, so as to suggest tailored material and advertising. "
Cardiology,backpropagation,"A cardiologist is using machine learning to predict the risk of heart disease in patients based on various factors such as age, gender, and lifestyle. They are training a neural network using backpropagation to improve the accuracy of the risk prediction model.","A medical professional specializing in cardiology is employing artificial intelligence to forecast the likelihood of heart disease in individuals by considering aspects like age, sex, and behavioral patterns. To enhance the precision of this risk estimation model, they are using a neural network trained with backpropagation. "
Nephrology,fully connected layer,"As a nephrologist, I want to use fully connected layers to predict kidney outcomes based on large datasets of patient kidney data, so that I can better diagnose and treat kidney disease.","As a medical professional specializing in kidney function, I would like to utilize fully-connected neural networks to forecast the results of kidney examinations using extensive collections of patient data, thereby enabling me to more accurately identify and address kidney issues. "
Movies,multi-class classification,"As a movie producer, I want to use multi-class classification to classify different types of movie genres based on their characteristics and audience appeal, in order to develop more effective marketing and distribution strategies.","As a filmmaker, I need to utilize a multi-class classification technique to group movies into various genres based on their distinct features and attractiveness to the audience, so that I can create more efficient promotional and distribution plans. "
Linguistics,string kernel,"As a linguist, I want to use string kernel methods to analyze patterns in language data, such as word frequencies and grammatical constructions, and identify common linguistic themes and trends, such as the emergence of new words and language families, in order to develop more accurate models of language acquisition and processing and improve natural language processing systems.","As a linguist, I desire to implement string kernel methods for examining language data patterns including word frequencies and grammatical structures to detect common linguistic motifs and tendencies, such as the advent of novel words and linguistic families. This will enable me to create more precise models for language acquisition and processing, enhancing natural language processing systems' performance. "
Pharmacology,multi-class classification,"As a pharmacologist, I want to use multi-class classification to classify different types of drugs based on their molecular and cellular targets, in order to develop more effective drug therapies and improve patient outcomes.","As a healthcare professional specializing in pharmacology, my goal is to harness the power of multi-class classification techniques to accurately categorize various drugs according to their molecular and cellular targets. This will enable me to create better treatment strategies and ultimately enhance patient care. "
Computer Networks,reservoir computing,"As a network engineer, I want to use reservoir computing to analyze network data and identify key factors that contribute to network performance and security, so that we can design better network systems.","As a network professional, my goal is to harness the power of reservoir computing in order to evaluate network data and pinpoint essential elements that affect both the efficiency and safety of networks. This would enable us to create more effective network structures in the future. "
Sociology,neural gas,"As a sociologist, I want to use neural gas to analyze and classify social data, such as survey responses and interview transcripts, so that I can better understand social structures and social change.","As a researcher in the field of sociology, I am looking to employ neural gas algorithms to scrutinize and categorize social data sets, including surveys and transcripts of interviews, with the aim of gaining deeper insights into the intricacies of social structures and the dynamics of societal change. "
Radiology,policy iteration,"As a radiologist, I want to use policy iteration to optimize patient treatment plans by developing a policy that considers factors such as medical imaging results, patient medical history, and treatment effectiveness.","As a healthcare professional specializing in radiology, I would like to utilize the policy iteration technique to enhance patient care by creating an optimal plan for treating patients based on their medical history, medical imaging outcomes, and the effectiveness of treatments. "
Linguistics,representation learning,"As a linguist, I want to use representation learning to analyze language data and identify key features that are predictive of language acquisition and usage, so that we can design better language education and translation systems.","As a researcher in language, my goal is to utilize representation learning techniques to investigate and recognize critical elements that contribute to the understanding and proficiency in a particular language. By doing this, I hope to improve our ability to develop efficient and accurate language education and translation tools. "
Literature,named entity recognition,"As a literary critic, I want to use named entity recognition to automatically identify and classify literary works and authors mentioned in literary analysis and criticism, so that I can better understand literary trends and analyze the cultural significance of different works.","As a scholar focused on literature, it would be helpful for me to have automated tools like named entity recognition to categorize and recognize literary figures and their works referenced within literary analyses. This way, I could more efficiently study literary patterns and the cultural relevance of these texts. "
Library,neural network,"As a librarian, I want to use neural networks to analyze and predict book demand and popularity, so that I can improve book collection and availability for readers.","As a library staff member, I desire to employ artificial intelligence in the form of neural networks to study and forecast the desire for books among readers. This will enable me to enhance the quality and accessibility of my library's book collection. "
Dermatology,fss-svm,"As a dermatologist, I want to use FSS-SVM to select the most important dermatological features from large datasets of patient skin data, so that I can better diagnose and treat skin conditions.",Dermatologists wish to employ FSS-SVM technology to identify key dermatological characteristics in extensive collections of patient skin data. This advanced feature selection technique enables them to enhance their diagnostic and therapeutic capabilities for a variety of skin ailments. 
Information Systems,pre-trained language model,"As an information systems analyst, I want to use a pre-trained language model to analyze system logs and user feedback, to identify system performance issues and user behavior patterns, and to use this information to develop more effective system design and troubleshooting strategies.","As a data scientist, I want to leverage a pre-existing natural language processing model to examine system logs and user input in order to recognize performance problems within the system and pinpoint common user behaviors. By utilizing this information, I can create improved system designs and more efficient troubleshooting methods. "
Library,neuromorphic engineering,"As a librarian, I want to explore the use of neuromorphic engineering in developing tools for more efficient cataloging and organization of library materials, so that we can improve access to information and knowledge.","As a library professional, my goal is to investigate the potential benefits of incorporating neuromorphic engineering into our processes of organizing and cataloging library resources. This would enable us to streamline our efforts and enhance the ease with which users can locate and access desired materials. Ultimately, this technology has the potential to revolutionize the way we manage and share information within the realm of libraries and knowledge management. "
Sport,conversational understanding,"As a sports organization, I want to use conversational understanding to develop a chatbot that can provide real-time updates on scores, schedules, and player statistics.","As an organization in the sports industry, we aim to create a chatbot that utilizes natural language processing to deliver current scoreboards, timetables, and athlete statistics instantaneously using conversational understanding. "
Pediatrics,stochastic semantic analysis,"As a pediatrician, I want to use stochastic semantic analysis to analyze patterns in child health data and identify common trends in child health outcomes, in order to improve preventive care and early intervention for childhood illnesses.","As a pediatrician, I want to apply probabilistic semantic methods to examine trends in children's health data to detect commonalities among child health results, aiming to enhance primary prevention and early identification of childhood diseases. "
Sociology,natural language semantics,"As a sociologist, I want to use natural language semantics to analyze social media posts and other online content, so that I can understand the underlying attitudes and beliefs that shape public opinion on social issues.","As a researcher in social sciences, I desire to utilize the semantic analysis of natural language to delve into the sentiments and ideologies present in digital media and various online materials. This will allow me to decipher the dynamics behind societal perceptions on pressing matters. "
Music,feature sets,"As a musician, I want to use feature sets to group music data by genre and rhythm, so that I can better understand musical trends and inform my own compositions.","As a musician, I desire to employ feature sets for categorizing musical information according to genre and rhythm in order to gain insights into musical patterns and influence my creative work. "
Nephrology,perceptron,"As a nephrologist, I want to use perceptron to classify kidney disease based on patient health data to inform treatment plans and predict disease progression.","As a doctor specializing in kidney diseases, I would like to use perceptron technology to analyze the medical information of my patients and categorize their conditions. This information will help me make informed decisions about their treatments and anticipate the development of their kidney diseases. "
Demography,novelty detection,"As a demographer, I want to use novelty detection to identify new demographic trends and patterns, so that we can better understand the dynamics of population change.","As an analyst studying population trends, I would like to implement a system for detecting new patterns in demographic data, allowing me to stay informed about emerging changes in the population. This would help us analyze and interpret the factors influencing demographics more effectively. "
Urban Studies,n-grams,"As an urban planner, I want to use n-grams to analyze patterns in urban development and land use, so that I can better understand how cities evolve over time and make recommendations for sustainable urban planning.","As a city planner, I need to utilize the concept of n-grams to examine trends in urban growth and land allocation. This information will help me comprehend how cities develop over time, enabling me to propose strategies for environmentally responsible urban planning. "
Pharmacology,classification method,"As a pharmacologist, I want to use classification methods to classify different types of drugs and their effects, so that I can develop targeted treatment plans.","As a professional in pharmacology, it is my goal to employ classification techniques to categorize various medications and their associated effects. By doing so, I aim to create tailored treatment options that are specifically designed for each individual's unique needs. "
Literature,unsupervised clustering,"As a literary critic, I want to use unsupervised clustering to identify groups of literary works with similar themes and study their relationship to patterns of literary analysis and interpretation.","As a literary analyst, I would like to employ an unsupervised method to group together literary pieces that share common themes for the purpose of examining how these motifs correspond with existing critical interpretations and analyses in literature. "
Medicine,liquid state machine,"As a medical researcher, I want to use liquid state machines to analyze and predict the efficacy of drugs and treatments based on various factors, such as dosage, patient demographics, and disease progression, allowing for better decisions about drug development and clinical trials.","As a medical professional, I desire to harness the power of liquid state machines in order to study the effects of different drug dosages, patient characteristics, and stages of diseases on the efficacy of treatments. This capability would enable me to make more informed choices regarding drug development and clinical trials. "
Social Media,explicit semantic analysis,"As a social media analyst, I want to use explicit semantic analysis to identify sentiment and trends on social media platforms, so that I can improve social media engagement and better understand user behavior.","As a social media analyst, I need an effective way to analyze the sentiments and trends in social media posts, in order to enhance user engagement and gain insights into their behavior. "
Cardiology,elman network,"As a cardiologist, I want to use Elman networks to predict which patients are most at risk of developing heart disease based on their medical history, lifestyle factors, and genetic information. I also want to use Elman networks to model the progression of heart disease and predict the effectiveness of different treatments.","As a cardiologist, I wish to utilize Elman networks to forecast which patients have a higher likelihood of developing heart diseases by taking into consideration their medical history, lifestyle factors, and genetic information. Additionally, I want to employ Elman networks to simulate the development of heart disease and predict the efficacy of various treatments. "
Transportation,computational linguistics,"As a transportation analyst, I want to use computational linguistics to analyze social media data and understand how people are discussing transportation issues in different regions.","As an analyst responsible for examining transportation matters, it is my desire to apply computational linguistic techniques to the examination of social media posts in order to comprehend the diverse ways that transportation challenges are addressed in various geographical areas. "
Radiology,supervised deep networks,"As a radiologist, I want to use supervised deep networks to detect and classify anomalies in medical images such as tumors and fractures.","As a specialist in medical imaging analysis, I desire to employ supervised learning models built on deep neural networks for the purpose of identifying and categorizing abnormalities in radiographic images like tumors and fractures. "
Economics,elbot,"As an economist, I want to use Elbot to analyze and forecast economic trends and outcomes, in order to inform economic policy decisions.","As a financial analyst, I desire to leverage Elbot's capabilities for analyzing and predicting economic patterns and results. This information will assist me in guiding policymaking choices. "
Sociology,lifelong machine learning,"As a sociologist, I want to use lifelong machine learning to continuously improve my sociological models and theories and adapt them to changing social trends and patterns, in order to provide more accurate and insightful analysis of social phenomena and trends for use in social science research and other applications.","As a sociologist, I would like to employ continuous lifelong machine learning to enhance the accuracy and insightfulness of my sociological models, theories, and trends analysis by adapting them to evolving social patterns and trends. This improvement will be beneficial for both social science research and other relevant applications. "
Transportation,cnn,"As a transportation engineer, I want to use CNNs to classify different types of traffic patterns based on traffic camera footage, so that I can better understand traffic flows and develop targeted traffic management strategies.","As an engineer specializing in transportation, my goal is to employ the use of Convolutional Neural Networks (CNNs) for the classification of various roadway conditions as observed through traffic surveillance cameras. Through this method, I aim to gain a deeper understanding of traffic patterns and subsequently devise effective traffic management tactics tailored to these specific conditions. "
Biology,speech synthesis,"A team of bioacoustics researchers is using speech synthesis technology to study the vocalizations of non-human animals, such as birds and whales. The machine learning algorithms are trained to synthesize animal sounds, allowing the researchers to better understand the acoustic communication systems of different species.","Researchers in the field of bioacoustics are utilizing speech synthesis technology to examine the vocalizations made by non-human animals like birds and whales. By training machine learning algorithms on animal sounds, these scientists can gain a deeper understanding of the intricate acoustic communication systems that exist within various species. "
Psychology,pattern recognition,"As a psychologist, I want to use pattern recognition to identify patterns in patient behavior data and predict patient outcomes to inform treatment plans.","As a psychologist, I wish to analyze patterns in a patient's behavior data using pattern recognition techniques, so that I can accurately predict their outcomes and develop tailored treatment plans based on these predictions. "
Social Media,tokenization,"As a social media marketer, I want to tokenize user comments to understand sentiment towards a product.","As a professional in social media marketing, I aim to analyze the emotions surrounding a product by breaking down user comments into tokens or smaller parts for sentimental evaluation. "
Political Science,feature extraction,"As a political scientist, I want to use feature extraction to identify and extract meaningful features from political data, such as voting patterns and political affiliation, so that we can better understand and analyze political systems.","As a researcher in politics, I desire to utilize feature extraction techniques to isolate and retrieve significant attributes from political information, including voting habits and political connections, in order to enhance our comprehension and study of political structures. "
Library,multinomial logistic regression,"As a librarian, I want to use multinomial logistic regression to predict user preferences and needs based on library usage data and user characteristics to enhance access and discovery for library users.","As a librarian, I would like to utilize multinomial logistic regression in order to forecast the preferences and requirements of library users by examining their behavior within the library and their individual features. This will help improve the overall user experience by facilitating easier access and discovery for library patrons. "
Social Networks,recurrent network,"As a social network, I want to use a recurrent network to predict user connections and social network dynamics, based on historical data and social network interactions, so that I can improve the social network experience for my users.","As a platform specializing in social interactions, we aim to leverage a recurrent neural network (RNN) to forecast user relationships and the overall evolution of the social network over time. This analysis will be derived from past experiences and social media activity. By utilizing this technology, our goal is to optimize the user experience on our network. "
Movies,keyword spotting,"As a movie producer, I want to use keyword spotting to identify specific themes and elements in movie scripts, so that I can develop more engaging and successful movies.","As a filmmaker, I want to implement keyword spotting technology to analyze movie scripts and highlight key themes or elements, allowing me to create more captivating and profitable films by identifying the most effective storylines and plot devices. "
Movies,dependency parsing,"As a film analyst, I want to use dependency parsing to analyze movie scripts and identify narrative patterns.","As someone who analyzes films, I would like to utilize dependency parsing to examine movie scripts in order to detect recurring narrative structures. "
Literature,representation learning,"As a literary scholar, I want to use representation learning to analyze literary data and identify key features that are predictive of literary success, so that we can design better literary analysis tools and publishing strategies.","As an expert in literature, I desire to apply the technique of representation learning on literary data in order to detect critical characteristics that influence the popularity of literature. This will allow us to develop more efficient literary analysis tools and enhance our publishing tactics. "
Computer Vision,text mining,"As a computer vision researcher, I want to mine image data to analyze image content and context to inform computer vision research and application.","As a scientist specializing in computer vision, I desire to explore visual information within images and their associated metadata in order to advance my field of study and contribute to its practical applications. "
Political Science,classifier chain,"As a political scientist, I want to use a classifier chain to predict different types of political outcomes, taking into account the interactions between multiple factors, such as public opinion and media coverage, so that I can better understand political dynamics.","As a researcher in politics, I would like to apply a series of prediction algorithms to forecast various political results. These algorithms should consider the interplay between different elements, including public perception and news coverage, to provide a more accurate representation of political trends. "
Social Work,tree algorithms,"As a social worker, I want to use tree algorithms to analyze patient data and identify factors that influence mental health outcomes.","From a social work perspective, as a professional in this field, I would like to utilize tree algorithms to assess and examine the information regarding my patients' mental well-being. By doing so, I aim to uncover essential factors that contribute to the overall mental health outcomes for these individuals. "
Demography,decision boundary,"As a demographer, I need to identify the decision boundary for a population segmentation model to analyze demographic trends.","As a demographer, it is necessary for me to determine the dividing line for a particular model used to study demographic patterns within a specific group. "
Social Networks,part-of-speech,"As a social network researcher, I want to use part-of-speech tagging to analyze messages exchanged between users to identify patterns in communication.","As a researcher who specializes in social networks, it is my desire to utilize part-of-speech tagging in order to examine the messaging habits of individuals on various platforms. This will allow me to discern recurring trends and characteristics within their communication. "
Computer Vision,support vector regression,"As a computer vision researcher, I want to use Support Vector Regression (SVR) to predict the performance of object detection and recognition algorithms based on various visual features such as color, texture, and shape so that I can optimize algorithm design and improve accuracy.","As an AI language model, I want to employ SVR for forecasting the efficiency of object detection and recognition systems by considering a wide range of visual aspects like color, texture, and form in order to enhance algorithm design and precision. "
Psychology,graph mining,"As a psychologist, I want to use graph mining to analyze social networks and identify factors that contribute to mental health, so that I can develop more effective interventions and treatment plans.","As a psychologist specializing in analyzing social networks, I want to utilize graph mining techniques to uncover the underlying connections between individuals' interactions and their mental health, with the goal of creating targeted interventions and personalized treatment plans based on these insights. "
Transportation,multiword expressions,"As a transportation engineer, I want to extract multiword expressions from social media data related to traffic to analyze traffic patterns.","As a transportation specialist, my objective is to retrieve complex phrases from online social media platforms concerning traffic in order to evaluate traffic habits. "
Literature,value iteration,"As a literary critic, I want to use value iteration to optimize the allocation of literary resources and improve access to literature, so as to promote literacy and cultural understanding.","As an analyst of literature, I desire to apply value iteration in order to efficiently distribute resources related to literature and enhance accessibility to such texts, thereby encouraging literacy and fostering cultural comprehension. "
Information Systems,sentence extraction,"As an information systems analyst, I want to use sentence extraction to automatically identify key information from user feedback, to quickly identify common issues and areas for improvement in software and enhance user experience.","As a data processing expert, I desire to employ sentence extraction technology to automatically locate essential details within user reviews, expediting the detection of prevalent problems and opportunities for enhancement in software products. This will ultimately lead to an improved user experience. "
Psychology,lexical choice,"As a psychologist, I want to use a machine learning system for lexical choice to improve the accuracy and readability of my research papers and psychological reports, so that I can better communicate my findings to other mental health professionals and patients.","As a psychologist, I aim to enhance the clarity and precision of my research documents and psychological reports by utilizing a machine learning tool for lexical selection. This would help me convey my discoveries more effectively to fellow mental health professionals and their clients. "
Cardiology,word error rate,"As a cardiologist, I want to use word error rate to evaluate the accuracy of automated transcription of medical reports and patient notes, so that I can provide more accurate and effective treatments for my patients.","As a doctor specializing in heart diseases, it is important for me to ensure the accuracy of medical records transcribed automatically. This would help me in providing precise and efficient treatment plans for my patients. Therefore, I want to evaluate the efficiency and accuracy of automated transcription systems by using word error rate as a measure of performance. "
Health,one-class classification,"As a healthcare professional, I want to use one-class classification to detect anomalous behavior in electronic health records, so that I can identify potential medical errors or fraud.","As a healthcare worker, my goal is to classify data points from electronic health records using a one-class classification model. This will help me detect any unusual or abnormal behavior within the records, which could be indicative of medical errors or fraudulent activities. "
Demography,learning linear model,"As a demographer, I want to use learning linear models to predict population growth and migration patterns in different regions.","As an analyst specializing in demographics, it is my goal to utilize learning linear models for the purpose of forecasting population expansion and relocation tendencies across various geographical areas. "
Biology,natural language processing,"A pharmaceutical company is using natural language processing to analyze scientific papers and identify potential drug targets for a particular disease. The machine learning algorithms are trained to recognize key phrases and concepts related to the disease, allowing the company to quickly identify promising targets for further study.","A company in the field of pharmaceuticals uses artificial intelligence to examine medical literature and find potential drug treatments for a certain condition. This is achieved by training algorithms on specific words and ideas connected to the disease, making it easier for researchers to focus on the most promising options. "
Computer Networks,legal information retrieval,"As a network engineer, I want to use a legal information retrieval system powered by machine learning to search and analyze laws and regulations related to data privacy and security, so that I can ensure compliance and protect user data.","As a network administrator, I need access to a legal information retrieval system, which utilizes machine learning algorithms to extract relevant data privacy and security regulations. This enables me to maintain compliance and safeguard the confidentiality of users' data. "
News,question answering,"As a journalist, I want to use question answering to quickly find information about news events and trends, in order to inform my news coverage and reporting.","As a reporter, I need to efficiently search for information on current news events and tendencies using a question-answering tool. This will help me stay informed and accurately report the news. "
Demography,rule induction,"As a demographer, I want to use rule induction to identify the factors that influence migration patterns, so that I can better understand population dynamics.","As a researcher specializing in demography, I need to utilize rule induction techniques to determine the key variables impacting migration trends, enabling me to gain a deeper insight into population movements and their underlying causes. "
Endocrinology,pre-trained language model,"As an endocrinologist, I want to use a pre-trained language model to analyze medical research and patient records, to identify patterns in hormone levels and treatment responses, and to use this information to develop more accurate and effective hormone therapies.","As a healthcare professional specializing in endocrinology, I desire to harness the power of an advanced pre-trained language model for analyzing medical research and patient records. By doing so, I aim to uncover hidden patterns related to hormone levels and treatment efficacy. This knowledge will be leveraged to create more accurate and efficient hormone therapies. "
Information Systems,fasttext,"As an information systems professional, I want to use fasttext to classify and categorize information in databases and information systems, so that users can find information more easily and accurately.","As a database administrator, it would be beneficial for me to implement the use of fasttext within our information systems. This would allow for efficient classification and categorization of data within the system, ultimately making it easier and more accurate for users to search for the information they need. "
Music,encoder-decoder model,"As a music producer, I want to use an encoder-decoder model to generate personalized music recommendations for listeners based on their historical listening behavior and interests, in order to improve user engagement and satisfaction.","As a music producer, I desire to employ a model consisting of an encoder and decoder to create tailored music suggestions for users, taking into account their past listening habits and preferences. This is intended to enhance user involvement and contentment. "
Sociology,phrase embeddings,"As a sociologist, I want to use phrase embeddings to analyze the relationships between social phenomena and their representation in social media to better understand public perceptions of social issues and inform social theory and analysis.","As a researcher in social science, I seek to apply phrase embeddings in examining how social events are reflected on social media platforms. By doing so, I aim to enhance my comprehension of public opinion regarding social concerns and contribute valuable insights to the development of social theories and analyses. "
Social Work,stemming,"As a social worker, I want to use stemming algorithms to analyze social work case notes and identify related cases, so that I can better understand and address the needs of my clients.","As a social worker, I need to have the ability to apply stemming algorithms on social work case notes to identify and link similar cases together, which in turn will help me in understanding and addressing the needs of my clients more effectively. "
Social Media,information processing language,"As a social media marketer, I want to use information processing language to develop algorithms for analyzing user interests and preferences from social media data, in order to develop more effective social media marketing strategies.","As a social media marketing professional, my goal is to utilize information processing language to create algorithms that analyze the interests and preferences of users based on their social media activity. By doing so, I hope to refine my marketing strategies and make them more efficient. "
Finance & Marketing,learning linear model,"As a marketer, I want to use learning linear models to predict consumer behavior and optimize advertising campaigns.","As a marketer, I wish to apply regression analysis in order to foresee customers' actions and enhance marketing efforts. "
Endocrinology,random subspace method,"As an endocrinologist, I want to use the random subspace method to identify the most significant factors that affect diabetes risk.",Endocrinologists desire to employ the random subspace technique to pinpoint the primary variables contributing to diabetes susceptibility. 
Music,regularization,"As a music producer, I want to use regularization techniques to improve the accuracy of my music recommendation models and better match listeners with new music.","As a music production professional, I desire to enhance the precision of my music suggestion algorithms through the application of normalization methods in order to effectively recommend new music to listeners based on their preferences. "
Demography,learning from implicit feedback,"As a demographer, I want to use learning from implicit feedback to better understand population migration patterns and identify factors that influence people to move to different areas, allowing for more accurate projections of future population trends and resource allocation.","As an analyst in the field of demography, my goal is to leverage implicit feedback to enhance my understanding of migration patterns within a population. By doing so, I hope to uncover the underlying factors that motivate people to move from one location to another. This knowledge can then be applied towards more precise predictions of future population shifts and resource allocation. "
Urban Studies,spiking neural network,"As an urban planner, I want to use spiking neural networks to analyze data on population growth, migration, and housing patterns so that I can make informed decisions about land use, zoning, and infrastructure development.","As a city planner, my goal is to leverage spiking neural network technology to study demographic trends, residential movement, and real estate dynamics in order to craft wise and strategic recommendations for urban planning. "
Finance & Marketing,query expansion,"As a marketer, I want to use query expansion to identify new market trends and opportunities by expanding the search to include related keywords and market data, in order to improve marketing strategies and performance.","As a marketer, I desire to enhance my understanding of current market trends and potential growth areas. To achieve this, I would like to leverage the power of query expansion, which involves broadening my search terms and incorporating relevant market data. By doing so, I aim to refine my marketing strategies and ultimately boost overall performance. "
Computer Networks,fss-svm,"As a network engineer, I want to use FSS-SVM to select the most informative network features from large datasets of network traffic data, so that I can better optimize network performance and improve security.","As a network administrator, I desire to utilize the Filter and Sample SVM method to identify critical network characteristics from extensive collections of network data, allowing me to enhance network efficiency and safety more effectively. "
Law,inductive logic learning,"As a legal researcher, I want to use inductive logic learning to identify patterns in legal cases, in order to develop new insights into legal decision-making and inform legal policy decisions.","As a researcher specializing in law, my goal is to utilize inductive reasoning techniques for the purpose of recognizing recurring themes in judicial proceedings. By uncovering these patterns, I aim to gain fresh perspectives on how legal judgments are made and subsequently guide future policy formulation within the legal domain. "
Radiology,random forest,"As a radiologist, I want to use random forest models to predict disease progression and treatment outcomes based on variables such as patient demographics, medical history, and imaging results, in order to improve patient care and inform medical practice.","As a radiologist, I would like to employ machine learning algorithms, specifically random forests, to forecast the development of illnesses and therapeutic results by analyzing factors such as patient characteristics, prior health records, and visual reports. This will enhance the quality of patient care and guide medical treatment planning. "
Music,feedforward neural network,"As a musician, I want to use a feedforward neural network to predict musical success and audience preferences based on music data, so that I can better inform music production decisions and improve my compositions.","As an artist, I wish to utilize a neural network that utilizes a feedforward mechanism to forecast the achievement of music and the inclination of audiences toward various music pieces using available music-related data. This will help me make more informed decisions in music creation and enhance my musical pieces by taking into account audience preferences and the likelihood of success in the music industry. "
Political Science,inverse reinforcement learning,"As a political scientist, I want to use inverse reinforcement learning to understand the factors that influence political decision-making and voting behavior, so that I can better understand political trends and make predictions.","As an academic researcher, my goal is to utilize inverse reinforcement learning as a tool for analyzing political decision-making processes and predicting voter behavior. Through this method, I aim to gain a deeper understanding of the factors that shape political choices, ultimately improving my ability to forecast political trends. "
Sociology,early stopping,"As a sociologist, I want to use early stopping to prevent overfitting in models that predict social inequality and mobility from survey data.","As an expert on social studies, it is important for me to utilize early stopping techniques to avoid overfitting when creating models that predict social inequality and mobility based on surveys. "
Finance & Marketing,machine learning,"As a marketer, I want to use machine learning to analyze consumer data and develop more targeted marketing campaigns that are more effective at driving sales.","As a digital marketer, my goal is to utilize machine learning algorithms to analyze customer data, creating highly tailored marketing strategies that boost conversion rates and increase overall sales performance. "
News,glove,"As a news analyst, I want to use GloVe to analyze and understand patterns of language use and sentiment in news media to help identify potential biases, fake news, and other forms of media manipulation and promote more informed and ethical news reporting.","As an analyst specializing in news coverage, I desire to employ GloVe for the purpose of examining linguistic usage and sentiment trends within news media. By doing so, I hope to uncover any hidden biases, detect instances of disinformation, and contribute to a more responsible and ethical journalism culture. "
Music,rnn architecture,"As a music producer, I want to use RNN architecture to analyze listener data over time, so that we can identify trends and patterns in music preferences and design better music recommendation systems.","As a music producer, my goal is to utilize Recurrent Neural Network (RNN) technology to examine listener data over an extended period. By doing so, I hope to discover trends and patterns in people's musical tastes, ultimately leading to the development of improved music suggestion algorithms. "
