Domain,Machine Learning Task,User Story,par starling-lm
Economics,hierarchical clustering,"As an economist, I want to use hierarchical clustering to group similar economic sectors and industries based on the financial and economic indicators of business data to improve the accuracy and efficiency of economic analysis and prediction.","As an economist, I desire to employ hierarchical clustering methods for organizing comparable economic sectors and industries by examining their financial and economic parameters extracted from business information. This strategy seeks to boost the precision and productivity of economic investigation and forecasting."
Computer Vision,canonical correlation analysis,"As a computer vision researcher, I want to use canonical correlation analysis to identify the relationship between image features and object recognition accuracy.","As a computer vision expert, my goal is to employ canonical correlation analysis in order to investigate and establish the connection between distinctive image attributes and the effectiveness of object recognition processes.

In this paraphrased version, the focus remains on the role of the computer vision researcher who aims to utilize canonical correlation analysis. The primary objective is to explore and define the relationship between various image features and their impact on the accuracy of object recognition. This analysis will help in understanding how different attributes contribute to the overall efficiency of recognizing objects within images."
Law,machine learning,"As a lawyer, I want to use machine learning to analyze case data and predict outcomes to inform legal strategy and improve outcomes for clients.","As a legal professional, I desire to employ advanced machine learning techniques to meticulously examine case-related information, forecast potential outcomes, and subsequently refine legal tactics. This approach aims to enhance the quality of results obtained for my clients, ensuring that they receive optimal representation in their legal matters."
Transportation,information retrieval,"As a transportation analyst, I want to use information retrieval to search for and extract relevant information on traffic patterns and infrastructure variables from large-scale transportation datasets, in order to develop more effective transportation management strategies.","As a transportation specialist, I aim to utilize data extraction methods to discover and obtain significant information about traffic patterns and vital infrastructure components from comprehensive transportation datasets. By doing so, I can devise more advanced strategies for managing and optimizing our transportation networks effectively."
Plant Science,semantic dependency parsing,"As a plant scientist, I want to use semantic dependency parsing in machine learning models to analyze plant genetic and molecular data, such as gene expression and protein interactions, to identify the functional relationships between genes and to understand the underlying biological processes that affect plant growth and productivity.","As a plant scientist, I desire to employ semantic dependency parsing within machine learning algorithms for the examination of plant genetic and molecular data, encompassing aspects such as gene expression patterns and protein interactions. The aim is to decipher the functional correlations between genes and gain insight into the fundamental biological processes that influence plant growth and efficiency.

In this paraphrased version, we have maintained the core elements of the original user story while rephrasing the sentences to convey the same information using different words and structures. The focus remains on using semantic dependency parsing in machine learning models for analyzing plant genetic and molecular data, identifying functional relationships between genes, and understanding underlying biological processes affecting plant growth and productivity."
Literature,document clustering,"As a literary critic, I want to apply document clustering to group literary texts by genre or author, so that I can more easily analyze literary trends and develop more informed literary criticism.","- ""As a literary critic"" is changed to ""As an literary analysis enthusiast.""
- ""I want to apply document clustering"" becomes ""I desire to utilize text classification techniques.""
- ""group literary texts by genre or author"" is expressed as ""categorize literary works based on their genres or authors.""
- ""so that I can more easily analyze literary trends"" is rephrased to ""enabling me to efficiently examine patterns in literature.""
- ""and develop more informed literary criticism"" is reworded to ""and enhance the depth and accuracy of my literary commentary."""
News,speech synthesis,"As a news editor, I want to use speech synthesis to generate audio versions of news articles and broadcasts, which can help me to improve accessibility for people with visual impairments.","As an editorial professional, my desire is to utilize the power of speech synthesis technology in order to produce audio renditions of news articles and transmissions. This approach will enhance the accessibility for individuals suffering from visual challenges, thereby promoting inclusivity and widening the reach of our content."
Pediatrics,similarity learning,"As a pediatrician, I want to use similarity learning algorithms to analyze patient data and identify similarities between different childhood diseases, to better understand patient needs and inform treatment decisions.","As a medical professional specializing in child healthcare, I desire to employ advanced machine learning techniques such as similarity learning algorithms to thoroughly examine and evaluate the information pertaining to my young patients. By doing so, I aim to uncover commonalities between various childhood illnesses, thereby enhancing my comprehension of patient requirements and guiding more effective therapeutic choices.

In this paraphrased version, the focus remains on the pediatrician's goal of utilizing similarity learning algorithms for analyzing patient data related to different childhood diseases. This analysis aims to reveal patterns and similarities between these illnesses, ultimately improving the understanding of patient needs and informing better treatment decisions."
Economics,neuromorphic engineering,"As an economist, I want to use neuromorphic engineering to model and predict economic behavior and trends, so that we can make better decisions about resource allocation and policy-making.","1. The role of an economist seeking to apply neuromorphic engineering for economic modeling and prediction.
2. The goal of making informed decisions in relation to resource allocation and policy-making based on these models and predictions."
Urban Studies,case-based reasoning,"As a city planner, I want to use case-based reasoning to identify the best solutions for a particular urban planning problem.","As an urban planner, my objective is to utilize case-based reasoning in order to pinpoint optimal strategies for addressing specific challenges within the realm of city planning.

In this paraphrased version, the user story maintains its core meaning while employing different phrasing and structure. The focus remains on using case-based reasoning as a tool for identifying the most effective solutions in urban planning, with the role of the individual being emphasized as an urban planner who seeks to tackle various issues related to city development."
Computer Networks,supervised learning,"As a network administrator, I want to use supervised learning to analyze network data and predict network failures or security breaches, so that I can improve network reliability and security.","As a network administrator, my goal is to employ supervised learning techniques for the analysis of network information with the objective of anticipating potential network malfunctions or security violations. By doing this, I aim to enhance the dependability and safety of the network infrastructure.

In this paraphrased version, the user story retains its core message while using slightly different phrasing and structure. The focus remains on the use of supervised learning for analyzing network data and predicting issues, with the ultimate goal of improving network reliability and security."
Health,data augmentation,"As a healthcare provider, I want to use data augmentation techniques to generate additional training data for machine learning models used in disease diagnosis and treatment outcome prediction, so that the models can be more accurate and generalize better across different patient populations and regions.","As a healthcare professional, I desire to utilize data expansion methods to produce supplementary instructional material for machine learning algorithms employed in identifying illnesses and forecasting treatment results. This approach aims to enhance the precision and adaptability of these models, enabling them to perform more effectively across diverse patient demographics and geographical areas.

In this paraphrased version, the focus remains on utilizing data augmentation techniques for generating additional training data in healthcare, specifically for machine learning models involved in disease diagnosis and treatment outcome prediction. The intent is to improve model accuracy and generalization capabilities across various patient populations and regions."
Computer Networks,backpropagation,A network engineer is using machine learning to detect anomalies in network traffic. They are training a neural network using backpropagation to improve the accuracy of the anomaly detection model.,"A networking professional employs advanced machine learning techniques to identify abnormal patterns in network data flow. By utilizing a neural network and its backpropagation algorithm, they strive to enhance the precision of their anomaly detection system's predictive capabilities.

In this revised version of the user story, the focus remains on employing machine learning for detecting unusual traffic within a network environment. The role of the network engineer is preserved, and the utilization of a neural network with backpropagation as the core training method is emphasized. This approach aims to optimize the accuracy of the model designed to detect anomalies, ensuring more effective network monitoring and security measures."
Health,sentence generation,"As a healthcare provider, I want to use sentence generation to automatically generate patient education materials, to improve patient outcomes and standardize documentation.","As a healthcare professional, my objective is to leverage automated sentence generation in order to create consistent patient educational resources. By doing so, I aim to enhance patient outcomes and streamline the documentation process across various medical practices.

In this paraphrased version of the user story, the focus remains on using sentence generation technology within a healthcare context, with an emphasis on patient education materials. The primary goals are to achieve improved patient results through more effective communication and standardized documentation practices, which ultimately contribute to better care and more efficient operations in the medical field."
Economics,reinforcement learning,"As an economist, I want to use reinforcement learning to develop more accurate models of market dynamics and behavior.","As a financial expert, my goal is to harness the power of reinforcement learning in order to create increasingly precise models that capture the intricacies of market movements and human decision-making processes.

In this paraphrased version, the focus remains on using reinforcement learning as a tool for improving economic models, while emphasizing the desire to understand complex market interactions and human behavior within those systems."
Urban Studies,computational linguistics,"As an urban planner, I want to use computational linguistics to analyze news articles and social media posts to understand how residents feel about proposed changes to the city's transportation infrastructure.","- The role of ""urban planner"" is maintained.
- The use of ""computational linguistics"" is replaced with ""advanced language processing techniques.""
- The focus on analyzing ""news articles and social media posts"" remains the same.
- The objective to ""understand how residents feel"" is expressed as ""gain insight into the sentiments of local citizens.""
- The context of ""proposed changes to the city's transportation infrastructure"" has been preserved, but rephrased as ""potential adjustments to the urban transportation network."""
Political Science,latent dirichlet allocation,"As a political scientist, I want to use latent Dirichlet allocation to identify latent topics in political speeches related to foreign policy, so that I can better understand political discourse and identify potential areas of disagreement.","using Latent Dirichlet Allocation for identifying latent topics in political speeches about foreign policy to better understand political discourse and find potential areas of disagreement. The phrasing has been restructured to emphasize the analyst's role as an expert in political science, while still highlighting the key components of the original user story"
Sport,classification method,"As a sports analyst, I want to use classification methods to classify different types of player performance, so that I can better predict game outcomes.","As a sports analyst, my goal is to employ various classification techniques in order to categorize diverse aspects of player performance effectively. This will enable me to more accurately forecast the outcomes of games and make informed decisions based on the data analyzed.

In this paraphrased version, the user story highlights the desire of a sports analyst to utilize classification methods for assessing different facets of player performance, ultimately enhancing their ability to predict game results with greater precision."
Literature,c4.5 algorithm,"As a literary scholar, I want to use the C4.5 algorithm to analyze patterns in literary texts and identify themes, motifs, and other literary elements.","- The subject remains a ""literary scholar,"" which is now described as an ""academic specializing in literature.""
- The action involves utilizing the C4.5 algorithm for analysis, which is preserved in the paraphrase.
- The purpose of this action is to identify patterns within literary texts, which is rephrased as ""examining recurring structures"" and ""discerning prominent themes, recurring motifs, and additional essential components.""

By using different wordings and phrasing, the essence of the original user story remains intact while presenting it in a new light."
News,factorization method,"As a journalist or news analyst, I want to use factorization methods to analyze news data and identify key factors affecting news coverage and public opinion, so that I can provide better news analysis and insights.","As a reporter or media expert, my goal is to employ factorization techniques in order to examine news information and pinpoint crucial elements shaping news reporting and public sentiment. By doing so, I aim to enhance the quality of my news analyses and offer valuable perspectives to my audience.

In this paraphrased version, the user story emphasizes the importance of using factorization methods to analyze news data for journalists or news analysts. The primary objective is to identify key factors that influence news coverage and public opinion, ultimately resulting in more accurate and insightful news analysis and insights for the readers or viewers."
Social Media,embedding approach,"As a social media analyst, I want to use an embedding approach to represent user profiles and their interests based on their social media activity and interactions, in order to recommend personalized content and advertisements.","- A social media analyst desires to adopt an embedding strategy for portraying user profiles and their inclinations, which are informed by their actions and social dynamics within digital networks.
- This approach facilitates the development of personalized content and advertisements that cater to users' unique interests and engagement patterns derived from their online activities."
Cardiology,backpropagation,"A cardiologist is using machine learning to predict the risk of heart disease in patients based on various factors such as age, gender, and lifestyle. They are training a neural network using backpropagation to improve the accuracy of the risk prediction model.","A cardiologist is leveraging advanced machine learning techniques to estimate the likelihood of heart disease in patients by considering diverse variables like age, sex, and lifestyle habits. They are optimizing a neural network through the backpropagation algorithm to enhance the precision and reliability of the risk prediction model.

In this paraphrased version"
Nephrology,fully connected layer,"As a nephrologist, I want to use fully connected layers to predict kidney outcomes based on large datasets of patient kidney data, so that I can better diagnose and treat kidney disease.","As a nephrologist, my aim is to leverage fully connected layers within deep learning models to analyze and predict kidney outcomes based on extensive datasets of patient kidney information. This will empower me to enhance the diagnostic and therapeutic processes for kidney diseases, resulting in better patient care and more precise treatment plans."
Movies,multi-class classification,"As a movie producer, I want to use multi-class classification to classify different types of movie genres based on their characteristics and audience appeal, in order to develop more effective marketing and distribution strategies.","In my capacity as a movie producer, I aspire to employ multi-class categorization to accurately identify and distinguish different genres of films based on their distinct attributes and target audience appeal. This approach would empower me to develop targeted marketing and distribution methods that optimize the effectiveness of each genre's promotion and dissemination."
Linguistics,string kernel,"As a linguist, I want to use string kernel methods to analyze patterns in language data, such as word frequencies and grammatical constructions, and identify common linguistic themes and trends, such as the emergence of new words and language families, in order to develop more accurate models of language acquisition and processing and improve natural language processing systems.","As a linguistics expert, I desire to employ string kernel techniques for examining patterns within language datasets, including word occurrences and syntactic structures. My goal is to uncover prevalent linguistic themes and tendencies, such as the rise of novel words and the formation of language groups, in order to refine models for understanding and managing language acquisition and handling, ultimately leading to enhanced natural language processing technologies.

In this paraphrased version, the user story highlights the importance of utilizing string kernel methods for analyzing linguistic patterns, such as word frequencies and grammatical structures, to identify common themes and trends in language evolution, including the emergence of new words and language families. This analysis aims to improve models for language acquisition and processing, which in turn will lead to more advanced natural language processing systems."
Pharmacology,multi-class classification,"As a pharmacologist, I want to use multi-class classification to classify different types of drugs based on their molecular and cellular targets, in order to develop more effective drug therapies and improve patient outcomes.","the desire for a multi-class classification system as a pharmacologist, the focus on categorizing drugs based on molecular and cellular targets, and the aim to develop more effective drug therapies and improve patient outcomes. The phrasing has been altered to provide a different structure and wording while maintaining the original intent of the user story."
Computer Networks,reservoir computing,"As a network engineer, I want to use reservoir computing to analyze network data and identify key factors that contribute to network performance and security, so that we can design better network systems.","As a network specialist, my goal is to implement reservoir computing as a tool for evaluating network information in order to pinpoint essential elements that have a significant impact on both the efficiency and safety of our network infrastructure. This will ultimately enable us to develop more advanced and robust network solutions.

In this paraphrased version, the user story retains its core message while using different phrasing and word choices. The focus remains on utilizing reservoir computing for analyzing network data and pinpointing crucial factors that influence performance and security. Additionally, the overall aim of designing improved network systems is still present in the revised statement."
Sociology,neural gas,"As a sociologist, I want to use neural gas to analyze and classify social data, such as survey responses and interview transcripts, so that I can better understand social structures and social change.","As a social scientist, I desire to employ the neural gas algorithm for examining and categorizing social information, encompassing survey replies and conversation records, in order to gain deeper insights into the intricacies of social frameworks and the dynamics of societal evolution."
Radiology,policy iteration,"As a radiologist, I want to use policy iteration to optimize patient treatment plans by developing a policy that considers factors such as medical imaging results, patient medical history, and treatment effectiveness.","the use of policy iteration by a radiologist to improve patient care through a holistic policy that considers medical imaging results, patient history, and treatment effectiveness. The focus on optimizing treatment plans and tailoring them to individual patients is emphasized."
Linguistics,representation learning,"As a linguist, I want to use representation learning to analyze language data and identify key features that are predictive of language acquisition and usage, so that we can design better language education and translation systems.","As a language expert, my goal is to leverage the power of representation learning in order to dissect linguistic datasets and pinpoint significant characteristics that effectively forecast language learning and application. This endeavor aims to enhance our capacity for crafting more sophisticated language teaching tools and translation mechanisms."
Literature,named entity recognition,"As a literary critic, I want to use named entity recognition to automatically identify and classify literary works and authors mentioned in literary analysis and criticism, so that I can better understand literary trends and analyze the cultural significance of different works.","As an analyst of literature, my goal is to employ a technique known as named entity recognition in order to efficiently detect and categorize both literary pieces and their respective authors within the realms of literary analysis and critique. This approach will allow me to more thoroughly examine patterns of artistic development and delve into the cultural implications carried by various works, thus enhancing my comprehension of these influential texts and their significance within our society.

In this paraphrased version, the focus remains on using named entity recognition as a tool for understanding literary trends and analyzing the cultural impact of different works, while emphasizing the importance of literature analysis and critique in uncovering these insights."
Library,neural network,"As a librarian, I want to use neural networks to analyze and predict book demand and popularity, so that I can improve book collection and availability for readers.","As a library attendant, I desire to employ artificial intelligence algorithms, specifically neural networks, to assess and forecast the interest in and demand for various books. This would enable me to enhance the selection and accessibility of literary materials for my patrons, ensuring their reading experiences are well-supported and tailored to their preferences.

In this paraphrased version, the user story retains its core focus on utilizing neural networks for analyzing book demand and popularity. The change in wording emphasizes the role of the individual as a library attendant rather than a librarian, and highlights the goal of improving the overall reading experience for patrons through better collection management and availability."
Dermatology,fss-svm,"As a dermatologist, I want to use FSS-SVM to select the most important dermatological features from large datasets of patient skin data, so that I can better diagnose and treat skin conditions.","1. The target audience is dermatologists who seek to improve their diagnostic and treatment practices for skin disorders.
2. The method of achieving this goal involves applying the FSS-SVM algorithm, which specializes in feature selection from large datasets.
3. By focusing on the most significant dermatological features, the objective is to optimize the process of diagnosing and treating skin conditions, ultimately benefiting both patients and healthcare professionals."
Information Systems,pre-trained language model,"As an information systems analyst, I want to use a pre-trained language model to analyze system logs and user feedback, to identify system performance issues and user behavior patterns, and to use this information to develop more effective system design and troubleshooting strategies.","1. The role of the user as an information systems analyst remains unchanged.
2. The use of a pre-trained language model for analyzing system logs and user feedback is maintained.
3. Identifying performance issues in the system and understanding user behavior patterns is still the primary objective.
4. Applying these insights to improve system design and troubleshooting strategies is included in the paraphrased version."
Library,neuromorphic engineering,"As a librarian, I want to explore the use of neuromorphic engineering in developing tools for more efficient cataloging and organization of library materials, so that we can improve access to information and knowledge.","As a library professional, I desire to investigate the application of neuromorphic engineering in creating innovative solutions for enhanced categorization and arrangement of library resources. This endeavor aims to optimize the retrieval of information and expand the availability of intellectual content within our institution.

In this paraphrased version, the focus remains on the exploration of neuromorphic engineering as a tool for improving library cataloging and organization. The goal is still centered around enhancing accessibility to information and knowledge within the library setting."
Sport,conversational understanding,"As a sports organization, I want to use conversational understanding to develop a chatbot that can provide real-time updates on scores, schedules, and player statistics.","As a sports organization, there is a desire to harness the power of advanced conversational AI in order to create a sophisticated chatbot. This bot would be capable of delivering live updates regarding match results, event timetables, and comprehensive player metrics, thereby enhancing the engagement and experience of fans and followers."
Pediatrics,stochastic semantic analysis,"As a pediatrician, I want to use stochastic semantic analysis to analyze patterns in child health data and identify common trends in child health outcomes, in order to improve preventive care and early intervention for childhood illnesses.","As a medical professional specializing in children's healthcare, my goal is to employ stochastic semantic analysis techniques to examine and discern recurring patterns within the realm of pediatric health data. This approach will aid me in recognizing prevalent trends concerning child health outcomes, ultimately enabling me to enhance preventive measures and facilitate early interventions for various childhood ailments.

In this paraphrased version, the user story has been rephrased to emphasize the importance of using stochastic semantic analysis tools within the context of pediatric healthcare. The focus remains on identifying patterns in child health data, recognizing common trends, and applying these insights to improve preventive care and early intervention strategies for childhood illnesses."
Sociology,natural language semantics,"As a sociologist, I want to use natural language semantics to analyze social media posts and other online content, so that I can understand the underlying attitudes and beliefs that shape public opinion on social issues.","As a social scientist, my goal is to utilize the principles of natural language processing in order to examine and dissect social media communications and various digital materials. This approach allows me to gain deeper insights into the prevailing sentiments and viewpoints that significantly influence public sentiment on matters concerning societal concerns and debates."
Music,feature sets,"As a musician, I want to use feature sets to group music data by genre and rhythm, so that I can better understand musical trends and inform my own compositions.","As an artist engaged in the realm of music creation, I desire the capability to categorize musical information utilizing distinct features such as genre and tempo. This organization would allow me to analyze and identify prevalent patterns within the industry, thereby enhancing my knowledge base and subsequently informing my own creative endeavors in composition."
Nephrology,perceptron,"As a nephrologist, I want to use perceptron to classify kidney disease based on patient health data to inform treatment plans and predict disease progression.","As a kidney specialist, my goal is to employ the perceptron algorithm for categorizing kidney diseases using comprehensive patient health information. This approach will facilitate the development of targeted treatment strategies and enable more accurate forecasting of the disease's advancement. 

In this paraphrased version, the user story maintains the core objective while presenting it in a slightly different manner. The focus remains on utilizing the perceptron algorithm for classifying kidney diseases based on patient health data, with the added emphasis on informing treatment plans and predicting disease progression."
Demography,novelty detection,"As a demographer, I want to use novelty detection to identify new demographic trends and patterns, so that we can better understand the dynamics of population change.","As a demographer, I aim to utilize novelty detection methods in order to discover fresh demographic trends and patterns, which will help us grasp the intricate workings of population fluctuations and their various influences."
Urban Studies,n-grams,"As an urban planner, I want to use n-grams to analyze patterns in urban development and land use, so that I can better understand how cities evolve over time and make recommendations for sustainable urban planning.","1. ""Urban planner"" is replaced with ""city designer.""
2. ""Use n-grams to analyze"" is changed to ""employ n-gram analysis techniques.""
3. ""Patterns in urban development and land use"" is rephrased as ""trends in urban growth and property utilization within metropolitan areas.""
4. ""Cities evolve over time"" is expressed as ""the dynamic nature of cities over time.""
5. ""Recommendations for sustainable urban planning"" is restated as ""insightful guidance for sustainable urban design practices."""
Pharmacology,classification method,"As a pharmacologist, I want to use classification methods to classify different types of drugs and their effects, so that I can develop targeted treatment plans.","As a pharmacologist, my goal is to employ various classification techniques in order to categorize diverse drug types and their respective effects. By doing so, I aim to devise personalized treatment strategies tailored to individual patients' needs.

In this paraphrased version, the user story focuses on using classification methods for organizing different drugs and their impacts. The objective is to create customized treatment approaches that address the unique requirements of each patient, highlighting the importance of a personalized approach in pharmacology."
Literature,unsupervised clustering,"As a literary critic, I want to use unsupervised clustering to identify groups of literary works with similar themes and study their relationship to patterns of literary analysis and interpretation.","As an analyst of literature, I desire to utilize the approach of unsupervised classification in order to discern clusters of written works that share analogous topics and examine the correlations between these groups and the methodologies employed in literary examination and comprehension.

In this paraphrased version, the user story retains its core essence while using different phrasing and terminology. The focus remains on using unsupervised clustering as a tool for a literary critic to identify patterns among literary works with similar themes, and to study these patterns in relation to various methods of literary analysis and interpretation."
Medicine,liquid state machine,"As a medical researcher, I want to use liquid state machines to analyze and predict the efficacy of drugs and treatments based on various factors, such as dosage, patient demographics, and disease progression, allowing for better decisions about drug development and clinical trials.","As a medical researcher, I desire to employ liquid state machines in order to assess and forecast the effectiveness of pharmaceuticals and therapies by considering multiple variables, such as dosage amounts, patient demographics, and disease advancement stages. This approach will facilitate improved decision-making processes concerning drug innovation and clinical trial design.

In this paraphrased version, the original user story has been rephrased while maintaining its core message. The focus on using liquid state machines for analyzing and predicting drug efficacy remains central, along with the consideration of various factors like dosage, patient demographics, and disease progression. Additionally, the aim to enhance decision-making related to drug development and clinical trial planning is still clearly conveyed."
Social Media,explicit semantic analysis,"As a social media analyst, I want to use explicit semantic analysis to identify sentiment and trends on social media platforms, so that I can improve social media engagement and better understand user behavior.","- ""social media analyst"" becomes ""analyst focused on social media""
- ""explicit semantic analysis"" is rephrased as ""advanced semantic analysis techniques""
- ""sentiment and trends"" remains the same
- ""improve social media engagement"" is expressed as ""enhance the level of interaction with users""
- ""better understand user behavior"" is changed to ""deepen my comprehension of their behaviors and preferences"""
Cardiology,elman network,"As a cardiologist, I want to use Elman networks to predict which patients are most at risk of developing heart disease based on their medical history, lifestyle factors, and genetic information. I also want to use Elman networks to model the progression of heart disease and predict the effectiveness of different treatments.","As a medical professional specializing in cardiology, I aim to leverage Elman network technology for predicting which individuals are at the greatest risk of developing heart disease by taking into account their medical backgrounds, daily habits, and genetic information. Furthermore, I seek to apply Elman networks to analyze the progression of heart disease and evaluate the potential success of distinct treatment methods."
Transportation,computational linguistics,"As a transportation analyst, I want to use computational linguistics to analyze social media data and understand how people are discussing transportation issues in different regions.","As a transportation expert, I desire to utilize the field of computational linguistics to examine social media content, with the goal of gaining insight into the varying ways individuals across diverse geographical areas discuss and engage with transportation-related matters. This will enable me to better comprehend and address the unique concerns and perspectives in different regions."
Radiology,supervised deep networks,"As a radiologist, I want to use supervised deep networks to detect and classify anomalies in medical images such as tumors and fractures.","As a medical imaging specialist, I desire to employ advanced supervised machine learning algorithms, specifically deep neural networks, for the identification and categorization of abnormalities within diagnostic images, including detecting tumorous growths and identifying bone fractures.

In this paraphrased version, the user story maintains its core meaning while being rephrased to use alternative terminology and sentence structure. The focus remains on utilizing supervised deep networks for medical image analysis, particularly in identifying tumors and fractures, as requested by a radiologist."
Economics,elbot,"As an economist, I want to use Elbot to analyze and forecast economic trends and outcomes, in order to inform economic policy decisions.","In this paraphrased version, the user's role as an economist has been changed to a financial analyst, which maintains the same intent of analyzing and forecasting economic trends. Additionally, the terms ""inform"" and ""economic policy decisions"" have been replaced with ""guide"" and ""fiscal policies,"" respectively, to convey the same meaning while using different words."
Sociology,lifelong machine learning,"As a sociologist, I want to use lifelong machine learning to continuously improve my sociological models and theories and adapt them to changing social trends and patterns, in order to provide more accurate and insightful analysis of social phenomena and trends for use in social science research and other applications.","1. The role of a sociologist who seeks to apply machine learning in their work.
2. The continuous improvement of sociological models and theories through lifelong machine learning.
3. Adaptation of these models to changing social trends and patterns.
4. Enhanced accuracy and insightfulness in the analysis of social phenomena and trends.
5. Utilization of these analyses within social science research and other relevant applications."
Transportation,cnn,"As a transportation engineer, I want to use CNNs to classify different types of traffic patterns based on traffic camera footage, so that I can better understand traffic flows and develop targeted traffic management strategies.","1. The user is a transportation engineer or professional with expertise in the field.
2. They intend to use Convolutional Neural Networks (CNNs) for classifying different traffic patterns.
3. The source of data for these classifications will be video footage captured by traffic cameras.
4. The ultimate goal is to better understand traffic flows and develop targeted strategies for traffic management based on the insights derived from the analysis."
Biology,speech synthesis,"A team of bioacoustics researchers is using speech synthesis technology to study the vocalizations of non-human animals, such as birds and whales. The machine learning algorithms are trained to synthesize animal sounds, allowing the researchers to better understand the acoustic communication systems of different species.","1. Replaced ""team"" with ""group"" for variety.
2. Used ""investigators"" instead of ""researchers"" for synonymous meaning.
3. Changed ""using speech synthesis technology"" to ""employs advanced speech generation techniques"" for variation in wording.
4. Replaced ""study"" with ""explore"" for a different perspective.
5. Utilized ""simulating animal sounds"" instead of ""synthesize animal sounds"" for a slight change in phrasing.
6. Expressed the outcome as ""gain deeper insights"" rather than ""better understand"" to convey the same idea differently."
Psychology,pattern recognition,"As a psychologist, I want to use pattern recognition to identify patterns in patient behavior data and predict patient outcomes to inform treatment plans.","As a mental health professional, I desire to implement pattern recognition techniques to discern trends within patients' conduct information and make projections about their future situations, so as to better develop and tailor therapy strategies accordingly.

In this paraphrased version, the focus remains on the use of pattern recognition for identifying patterns in patient behavior data, predicting outcomes, and informing treatment plans. The emphasis is placed on the perspective of a mental health professional (psychologist) and the goal of enhancing therapy strategies by leveraging these insights."
Social Media,tokenization,"As a social media marketer, I want to tokenize user comments to understand sentiment towards a product.","As a digital marketing professional specializing in social media, my objective is to analyze and break down the language within user-generated comments in order to gain insight into public opinion regarding a particular product or service. This process of tokenization enables me to better comprehend the sentiment expressed by users and informs my marketing strategy accordingly.

In this paraphrased version, we maintain the core idea of using tokenization to understand user sentiment but rephrase it in a way that highlights the role of the digital marketing professional and emphasizes the importance of analyzing and interpreting data for effective marketing strategies."
Political Science,feature extraction,"As a political scientist, I want to use feature extraction to identify and extract meaningful features from political data, such as voting patterns and political affiliation, so that we can better understand and analyze political systems.","As a political researcher, I desire to employ feature extraction techniques in order to pinpoint and isolate significant characteristics within political datasets, such as electoral tendencies and party allegiance. By doing so, our team will be able to gain a more profound comprehension of various political frameworks and their underlying dynamics.

In this paraphrased version, the user story maintains its core elements while using different words and phrasing. The focus remains on utilizing feature extraction for analyzing political data and understanding diverse political systems."
Library,multinomial logistic regression,"As a librarian, I want to use multinomial logistic regression to predict user preferences and needs based on library usage data and user characteristics to enhance access and discovery for library users.","As a librarian, it is crucial for me to utilize multinomial logistic regression as a tool to forecast user inclinations and requirements by examining library usage patterns and user attributes. This approach will enable me to augment the ease of access and exploration for library patrons, ultimately improving their overall experience.

In this paraphrased version, the focus remains on using multinomial logistic regression as a method for predicting user preferences and needs. The goal is still to enhance library users' access and discovery by analyzing library usage data and considering user characteristics."
Social Networks,recurrent network,"As a social network, I want to use a recurrent network to predict user connections and social network dynamics, based on historical data and social network interactions, so that I can improve the social network experience for my users.","As a social networking platform, our objective is to leverage a recurrent neural network to forecast user relationships and the behavioral patterns within the social network ecosystem. By analyzing past data and user engagement activities, we aim to enhance the overall social network experience for our users by making accurate predictions about their connections and interactions."
Movies,keyword spotting,"As a movie producer, I want to use keyword spotting to identify specific themes and elements in movie scripts, so that I can develop more engaging and successful movies.","As a filmmaker, I desire to employ keyword recognition to pinpoint particular subjects and aspects within screenplays, enabling me to produce captivating and profitable motion pictures with heightened appeal.

In this paraphrased version, the key elements are preserved while using different words and sentence structure. The main focus remains on utilizing keyword spotting for identifying specific themes and elements in movie scripts as a means to enhance movie production outcomes."
Movies,dependency parsing,"As a film analyst, I want to use dependency parsing to analyze movie scripts and identify narrative patterns.","As a film expert, I desire to employ dependency parsing in order to examine movie screenplays and discern recurring narrative structures.

In this paraphrased version of the user story, we focus on the role of a film analyst who seeks to leverage dependency parsing as a tool for analyzing movie scripts. This analysis aims to uncover and identify consistent narrative patterns within these scripts, ultimately providing valuable insights into the structure and storytelling techniques employed in cinema."
Literature,representation learning,"As a literary scholar, I want to use representation learning to analyze literary data and identify key features that are predictive of literary success, so that we can design better literary analysis tools and publishing strategies.","1. The focus on literary scholarship remains central, emphasizing the role of representation learning in analyzing literary data.
2. The aim is to identify key features that are predictive of literary success, which will inform better analysis tools and publishing strategies."
Computer Vision,text mining,"As a computer vision researcher, I want to mine image data to analyze image content and context to inform computer vision research and application.","As a researcher specializing in computer vision, I aim to extract valuable insights from a wealth of image data by examining both the specific contents and the surrounding context within these visual materials. This exploration will contribute significantly to the advancement and refinement of computer vision methods and their real-world implementation."
Political Science,classifier chain,"As a political scientist, I want to use a classifier chain to predict different types of political outcomes, taking into account the interactions between multiple factors, such as public opinion and media coverage, so that I can better understand political dynamics.","- ""political scientist"" is replaced with ""political science expert"" to maintain the context without changing the meaning.
- ""classifier chain"" is changed to ""series of linked classifiers"" for a slight variation in terminology.
- ""predict different types of political outcomes"" is rephrased as ""forecast various political results"" for a fresh expression.
- ""interactions between multiple factors"" is modified to ""interplay among numerous variables"" for a different phrasing.
- ""public opinion and media coverage"" remains the same, as it is a commonly used phrase in discussing political dynamics."
Social Work,tree algorithms,"As a social worker, I want to use tree algorithms to analyze patient data and identify factors that influence mental health outcomes.","1. The target audience remains the same - social workers.
2. The primary focus is on using tree algorithms (such as decision trees) for data analysis.
3. The objective is to study patient information and identify influential factors related to mental health outcomes."
Demography,decision boundary,"As a demographer, I need to identify the decision boundary for a population segmentation model to analyze demographic trends.","As a professional studying populations, it is crucial for me to determine the threshold or dividing line for categorizing different groups within the context of analyzing demographic patterns and trends. This will allow for an effective segmentation model that can aid in understanding various population dynamics.

In this paraphrased version, the key elements have been maintained while rephrasing the sentence to convey a similar meaning. The focus remains on the necessity for a demographer to identify a decision boundary or threshold for categorizing segments of a population in order to analyze and understand demographic trends effectively."
Social Networks,part-of-speech,"As a social network researcher, I want to use part-of-speech tagging to analyze messages exchanged between users to identify patterns in communication.","As an expert in social network analysis, I desire to utilize part-of-speech tagging as a means for investigating the dialogues and interchanges that transpire among individuals connected through social networks, with the overarching intention of uncovering and interpreting the hidden patterns present within these modes of communication."
Computer Vision,support vector regression,"As a computer vision researcher, I want to use Support Vector Regression (SVR) to predict the performance of object detection and recognition algorithms based on various visual features such as color, texture, and shape so that I can optimize algorithm design and improve accuracy.","As a computer vision expert, my goal is to leverage Support Vector Regression (SVR) in order to forecast the effectiveness of object detection and identification techniques by examining diverse visual characteristics like color, pattern, and form. This approach will enable me to refine algorithm development and enhance precision.

In this paraphrased version, we maintain the core idea of using Support Vector Regression (SVR) for predicting the performance of object detection and recognition algorithms based on visual features such as color, texture, and shape. The focus remains on optimizing algorithm design and increasing accuracy as the primary objectives of the user story."
Psychology,graph mining,"As a psychologist, I want to use graph mining to analyze social networks and identify factors that contribute to mental health, so that I can develop more effective interventions and treatment plans.","As a psychology professional, I aim to utilize graph analysis techniques in the examination of social networks, with the goal of pinpointing elements that influence psychological well-being. This approach will enable me to design targeted interventions and tailored treatment strategies, ultimately enhancing their effectiveness in addressing mental health concerns."
Transportation,multiword expressions,"As a transportation engineer, I want to extract multiword expressions from social media data related to traffic to analyze traffic patterns.","1. The role of the person involved - a transportation engineer or professional.
2. The action they want to perform - extracting multiword expressions from social media data.
3. The purpose behind the action - analyzing traffic patterns and understanding prevalent behaviors or trends in road traffic."
Literature,value iteration,"As a literary critic, I want to use value iteration to optimize the allocation of literary resources and improve access to literature, so as to promote literacy and cultural understanding.","As a literary expert, my goal is to leverage value iteration techniques in order to enhance the distribution of literary resources and foster greater accessibility to literature. This approach aims to cultivate literacy skills and encourage cultural comprehension among readers.

In this paraphrased version, the focus remains on utilizing value iteration as a tool for optimizing literary resource allocation, with the ultimate objective of promoting literacy and fostering cultural understanding. The emphasis on the role of a literary critic is maintained, while the language has been slightly adjusted to convey the same idea in a different manner."
Information Systems,sentence extraction,"As an information systems analyst, I want to use sentence extraction to automatically identify key information from user feedback, to quickly identify common issues and areas for improvement in software and enhance user experience.","As a data analysis professional, I desire to employ automated sentence extraction techniques for efficiently discerning critical details from user input. This approach enables me to swiftly pinpoint recurring challenges and opportunities for optimization within the software domain, ultimately contributing to an elevated user experience.

In this paraphrased version, the focus remains on using sentence extraction as a tool to identify key information from user feedback, while emphasizing its role in improving software performance and user satisfaction. The language has been rephrased to maintain the core message but with slight variations in word choice and structure."
Psychology,lexical choice,"As a psychologist, I want to use a machine learning system for lexical choice to improve the accuracy and readability of my research papers and psychological reports, so that I can better communicate my findings to other mental health professionals and patients.","- ""As a psychologist"" becomes ""As a practicing psychologist""
- ""I want to use a machine learning system for lexical choice"" becomes ""I desire a machine learning-based tool that facilitates optimal word selection""
- ""improve the accuracy and readability of my research papers and psychological reports"" is rephrased as ""enhance both precision and comprehension levels within my scholarly publications on psychology and related research papers""
- ""so that I can better communicate my findings"" becomes ""to effectively convey the results of my studies""
- ""other mental health professionals and patients"" is expressed as ""my fellow mental health professionals as well as the patients they serve""
- ""fostering greater understanding and collaboration within our field"" encapsulates the goal of ""better communication"" in the original user story."
Cardiology,word error rate,"As a cardiologist, I want to use word error rate to evaluate the accuracy of automated transcription of medical reports and patient notes, so that I can provide more accurate and effective treatments for my patients.","As a practicing cardiologist, my goal is to assess the precision of automated transcription services utilized for medical report and patient record documentation. By utilizing word error rate as an evaluation metric, I aim to ensure the highest level of accuracy in these transcriptions, ultimately leading to improved treatment efficacy and enhanced patient care.

In this paraphrased version, the original user story has been rephrased while maintaining its core message. The focus remains on the cardiologist's desire to use word error rate as a means of evaluating automated transcription services for medical reports and patient notes. This evaluation process will contribute to more accurate and effective treatments for their patients."
Health,one-class classification,"As a healthcare professional, I want to use one-class classification to detect anomalous behavior in electronic health records, so that I can identify potential medical errors or fraud.","As a medical expert, I desire to employ one-class classification methodologies for identifying unusual patterns within digital health records. This approach enables the detection of possible instances of medical mistakes or unethical practices, such as fraud, thereby facilitating improved patient care and ethical conduct within the healthcare industry."
Demography,learning linear model,"As a demographer, I want to use learning linear models to predict population growth and migration patterns in different regions.","As a demography expert, I desire to apply linear model training techniques in order to forecast population expansion and migratory trends across various geographical areas.

In this paraphrased version of the user story, we emphasize the role of the user as a demography specialist who wants to employ linear models for predicting both population growth and migration patterns within different regions. The focus remains on the use of learning linear models, with an added emphasis on the expert's profession in the field of demography."
Biology,natural language processing,"A pharmaceutical company is using natural language processing to analyze scientific papers and identify potential drug targets for a particular disease. The machine learning algorithms are trained to recognize key phrases and concepts related to the disease, allowing the company to quickly identify promising targets for further study.","1. The subject is now a ""biopharmaceutical organization"" instead of a ""pharmaceutical company.""
2. The focus is on utilizing ""advanced natural language processing techniques"" rather than just ""natural language processing.""
3. The action involves ""scrutinizing scientific journals"" instead of ""analyzing scientific papers.""
4. The goal remains the same"
Computer Networks,legal information retrieval,"As a network engineer, I want to use a legal information retrieval system powered by machine learning to search and analyze laws and regulations related to data privacy and security, so that I can ensure compliance and protect user data.",1. The role of the user
News,question answering,"As a journalist, I want to use question answering to quickly find information about news events and trends, in order to inform my news coverage and reporting.","As a journalist, I aim to leverage question-answering systems for swiftly accessing information on newsworthy events and developing trends. This approach will empower me to enrich the quality and timeliness of my reporting, ensuring that my readers or viewers receive well-informed news coverage."
Demography,rule induction,"As a demographer, I want to use rule induction to identify the factors that influence migration patterns, so that I can better understand population dynamics.","As a professional in population analysis, my goal is to employ rule induction techniques to discern the significant variables impacting migration tendencies. By doing so, I aim to gain a deeper comprehension of the complexities inherent in population dynamics.

In this paraphrased version, the focus remains on using rule induction for identifying influential factors on migration patterns, with the ultimate objective being a more profound understanding of population dynamics. The emphasis is shifted slightly towards the role of a professional in population analysis rather than simply referring to oneself as a demographer, and the term ""rule induction techniques"" is used instead of ""rule induction."""
Endocrinology,pre-trained language model,"As an endocrinologist, I want to use a pre-trained language model to analyze medical research and patient records, to identify patterns in hormone levels and treatment responses, and to use this information to develop more accurate and effective hormone therapies.","1. The primary focus is on endocrinologists and their need for a pre-trained language model.
2. The purpose of using the language model is to analyze medical research and patient records.
3. The goal is to identify patterns in hormone levels and treatment responses.
4. The ultimate aim is to develop more accurate and effective hormone therapies based on the gathered insights."
Information Systems,fasttext,"As an information systems professional, I want to use fasttext to classify and categorize information in databases and information systems, so that users can find information more easily and accurately.","As a skilled information systems expert, my desire is to harness the power of FastText for efficiently organizing and segregating data within databases and other information management platforms. This will empower users to locate and access relevant information with greater ease and precision.

In this paraphrased version, the focus remains on utilizing FastText as an information systems professional to improve the classification and categorization of data for enhanced user experience in locating accurate and pertinent information within databases and other information systems."
Music,encoder-decoder model,"As a music producer, I want to use an encoder-decoder model to generate personalized music recommendations for listeners based on their historical listening behavior and interests, in order to improve user engagement and satisfaction.","As a music producer, my goal is to employ an encoder-decoder model to create tailored music suggestions for listeners, taking into account their past listening habits and preferences. This approach aims to enhance user involvement and contentment by offering personalized recommendations that resonate with each individual's unique musical tastes."
Sociology,phrase embeddings,"As a sociologist, I want to use phrase embeddings to analyze the relationships between social phenomena and their representation in social media to better understand public perceptions of social issues and inform social theory and analysis.","- ""sociologist"" is replaced with ""social science researcher""
- ""phrase embeddings"" remains unchanged
- ""relationships between social phenomena"" becomes ""connections between various social occurrences""
- ""representation in social media"" becomes ""portrayal on social media platforms""
- ""public perceptions of social issues"" is expressed as ""public attitudes towards contemporary societal concerns""
- ""inform social theory and analysis"" is rephrased as ""guiding the development of more informed social theories and analyses."""
Social Work,stemming,"As a social worker, I want to use stemming algorithms to analyze social work case notes and identify related cases, so that I can better understand and address the needs of my clients.","1. The primary user is a social worker.
2. Stemming algorithms are used for analyzing social work case notes.
3. The objective is to identify related cases and understand clients' needs better."
Social Media,information processing language,"As a social media marketer, I want to use information processing language to develop algorithms for analyzing user interests and preferences from social media data, in order to develop more effective social media marketing strategies.","As a digital advertising specialist, I desire to employ advanced language techniques for the creation of algorithms that can dissect and interpret users' inclinations and predilections based on their interactions with content across various social media platforms. This analysis will enable me to devise more targeted and impactful social media marketing tactics that resonate with my audience and ultimately drive engagement and conversions.

In this paraphrased version, the focus remains on the user's role as a social media marketer who seeks to leverage information processing language for algorithm development purposes. The primary objective is to analyze user interests and preferences derived from social media data in order to enhance the effectiveness of marketing strategies on these platforms."
Finance & Marketing,learning linear model,"As a marketer, I want to use learning linear models to predict consumer behavior and optimize advertising campaigns.","In this paraphrased version, we maintain the core elements of the original user story while rephrasing certain phrases for variety and clarity. The key components are still present"
Endocrinology,random subspace method,"As an endocrinologist, I want to use the random subspace method to identify the most significant factors that affect diabetes risk.","As an endocrinologist, I aim to apply the random subspace method in order to determine the leading factors significantly affecting the likelihood of developing diabetes."
Music,regularization,"As a music producer, I want to use regularization techniques to improve the accuracy of my music recommendation models and better match listeners with new music.","As a music producer, it is essential for me to employ regularization methods in order to enhance the precision of my music recommendation algorithms. By doing so, I aim to effectively pair listeners with fresh and appealing tracks that align with their preferences and musical tastes.

In this paraphrased version, the focus remains on the usage of regularization techniques by a music producer to optimize music recommendation models for better listener engagement with new music tracks. The rephrasing maintains the core message while employing alternative word choices and sentence structures."
Demography,learning from implicit feedback,"As a demographer, I want to use learning from implicit feedback to better understand population migration patterns and identify factors that influence people to move to different areas, allowing for more accurate projections of future population trends and resource allocation.","As a demographer, I aim to utilize implicit feedback to improve my understanding of population migration patterns and uncover the factors that influence people's decisions to move between different locations. This knowledge will enable me to generate more accurate projections for future population trends and resource allocation across various regions."
Urban Studies,spiking neural network,"As an urban planner, I want to use spiking neural networks to analyze data on population growth, migration, and housing patterns so that I can make informed decisions about land use, zoning, and infrastructure development.","As a city architect, I desire to employ spiking neural network technology in order to conduct comprehensive analyses of demographic expansion, human relocation, and residential layouts. This will enable me to formulate well-considered judgments concerning the allocation of land, zoning regulations, and the planning of public facilities and infrastructure.

In this paraphrased version, the user story remains focused on using advanced neural networks for analyzing data related to population growth, migration, and housing patterns in order to make informed decisions about urban planning aspects such as land use, zoning, and infrastructure development. The key components of the original story have been maintained while rephrasing the sentences for a slightly different structure and choice of words."
Finance & Marketing,query expansion,"As a marketer, I want to use query expansion to identify new market trends and opportunities by expanding the search to include related keywords and market data, in order to improve marketing strategies and performance.","As a marketing professional, my goal is to leverage query expansion techniques for uncovering emerging market trends and potential growth areas. By incorporating relevant associated terms and comprehensive market information into our searches, we aim to enhance our marketing tactics and optimize their effectiveness.

In this paraphrased version, the focus remains on utilizing query expansion as a tool for identifying new market trends and opportunities within the context of marketing strategies and performance improvement. The emphasis is placed on incorporating related keywords and market data into searches, with the ultimate objective being the optimization of marketing efforts."
Computer Networks,fss-svm,"As a network engineer, I want to use FSS-SVM to select the most informative network features from large datasets of network traffic data, so that I can better optimize network performance and improve security.","As a network professional, my objective is to employ the FSS-SVM method for identifying the most significant network attributes within extensive volumes of traffic information. This will enable me to enhance both the efficiency and security of the network infrastructure.

In this paraphrased version, the user story highlights the importance of using FSS-SVM for a network engineer in order to optimize performance and improve security by focusing on the most informative network features from large datasets of traffic data."
Law,inductive logic learning,"As a legal researcher, I want to use inductive logic learning to identify patterns in legal cases, in order to develop new insights into legal decision-making and inform legal policy decisions.",developing new insights into legal decision-making and informing policy decisions within the legal domain.
Radiology,random forest,"As a radiologist, I want to use random forest models to predict disease progression and treatment outcomes based on variables such as patient demographics, medical history, and imaging results, in order to improve patient care and inform medical practice.","1. The subject remains a radiologist.
2. The use of Random Forest models for predicting disease progression and treatment outcomes is emphasized.
3. The consideration of variables such as patient demographics, medical history, and imaging results is highlighted.
4. The overall objective remains the improvement of patient care and the informing of medical practice."
Music,feedforward neural network,"As a musician, I want to use a feedforward neural network to predict musical success and audience preferences based on music data, so that I can better inform music production decisions and improve my compositions.","As a creative artist specializing in music composition, I desire to employ a feedforward artificial neural network as a tool for forecasting the potential success of my musical creations and discerning audience preferences, drawing from an array of pertinent data related to the musical domain. This will enable me to make more informed decisions regarding the production of my compositions and ultimately refine their quality.

In this paraphrased version, the original user story has been rephrased to emphasize the role of the musician as a creative artist in music composition, while maintaining the core elements such as utilizing a feedforward neural network, predicting musical success and audience preferences, and applying data from the music domain to enhance their work."
Political Science,inverse reinforcement learning,"As a political scientist, I want to use inverse reinforcement learning to understand the factors that influence political decision-making and voting behavior, so that I can better understand political trends and make predictions.","As a political science expert, I desire to employ inverse reinforcement learning as a methodology to investigate the variables shaping political decision-making processes and voting tendencies. By doing so, I aim to gain deeper insights into prevailing political patterns and enhance my ability to forecast future developments in this domain."
Sociology,early stopping,"As a sociologist, I want to use early stopping to prevent overfitting in models that predict social inequality and mobility from survey data.","As a sociologist, the goal is to employ early stopping as a method to reduce the likelihood of overfitting in models that are intended to forecast social inequality and mobility using survey data. This approach will help ensure more accurate and generalizable results for analyzing and understanding socio-economic patterns within the surveyed population."
Finance & Marketing,machine learning,"As a marketer, I want to use machine learning to analyze consumer data and develop more targeted marketing campaigns that are more effective at driving sales.",A marketer aims to utilize machine learning to analyze consumer data in order to create more focused marketing campaigns that effectively increase sales. The language and structure have been altered to provide a fresh perspective on the original statement.
News,glove,"As a news analyst, I want to use GloVe to analyze and understand patterns of language use and sentiment in news media to help identify potential biases, fake news, and other forms of media manipulation and promote more informed and ethical news reporting.","- ""news analyst"" is replaced with ""news evaluation professional""
- ""GloVe"" remains unchanged as it's a proper noun (the name of a specific tool or algorithm)
- ""analyze and understand patterns of language use"" is rephrased as ""examine and comprehend linguistic patterns""
- ""sentiment in news media"" becomes ""sentiment in news outlets""
- ""identify potential biases, fake news, and other forms of media manipulation"" is paraphrased to ""detect possible biases, falsified information, and various forms of media manipulation""
- ""promote more informed and ethical news reporting"" is rephrased as ""encouraging more transparent and ethical reporting within the news industry"""
Music,rnn architecture,"As a music producer, I want to use RNN architecture to analyze listener data over time, so that we can identify trends and patterns in music preferences and design better music recommendation systems.","1. The role of a music producer as the primary user.
2. The usage of RNN architecture for analysis.
3. The focus on analyzing listener data over time to recognize trends and patterns in music preferences.
4. The ultimate goal of designing improved music recommendation systems based on these insights."
