Domain,Machine Learning Task,User Story,par phi3
Economics,hierarchical clustering,"As an economist, I want to use hierarchical clustering to group similar economic sectors and industries based on the financial and economic indicators of business data to improve the accuracy and efficiency of economic analysis and prediction.","As a professional in economics, my aim is to utilize hierarchical clustering techniques for categorizing various economic segments and sub-industries according to their respective fiscal and monetary metrics derived from enterprise datasets. This process will ultimately enhance the precision and productivity of economic examination and forecasting."
Computer Vision,canonical correlation analysis,"As a computer vision researcher, I want to use canonical correlation analysis to identify the relationship between image features and object recognition accuracy.","As a computer vision expert, my objective is to employ canonical correlation analysis in order to uncover the connection between attributes of images and the precision of identifying objects."
Law,machine learning,"As a lawyer, I want to use machine learning to analyze case data and predict outcomes to inform legal strategy and improve outcomes for clients.","As an attorney, my objective is to utilize machine learning algorithms in examining judicial records, forecasting court verdicts, and guiding litigation plans. This approach aims to enhance the success rate of client cases."
Transportation,information retrieval,"As a transportation analyst, I want to use information retrieval to search for and extract relevant information on traffic patterns and infrastructure variables from large-scale transportation datasets, in order to develop more effective transportation management strategies.","As a transportation analyst, my goal is to utilize data extraction methods to identify pertinent details regarding roadway flow and related infrastructure factors within extensive vehicular movement databases. This will enable me to create improved approaches for managing traffic systems."
Plant Science,semantic dependency parsing,"As a plant scientist, I want to use semantic dependency parsing in machine learning models to analyze plant genetic and molecular data, such as gene expression and protein interactions, to identify the functional relationships between genes and to understand the underlying biological processes that affect plant growth and productivity.","As a botanist specializing in genomics, I seek to utilize semantic dependency parsing techniques within machine learning frameworks for examining genetic and molecular data from plants, including gene expression levels and protein interactions. This approach will enable me to discern the functional associations between various genes while providing insights into biological mechanisms that influence plant development and yield enhancement."
Literature,document clustering,"As a literary critic, I want to apply document clustering to group literary texts by genre or author, so that I can more easily analyze literary trends and develop more informed literary criticism.","As a literature analyst, my goal is to use document clustering techniques in order to categorize written works based on their genres or authors. This would aid me significantly in identifying literary patterns and enhancing the quality of my scholarly critiques."
News,speech synthesis,"As a news editor, I want to use speech synthesis to generate audio versions of news articles and broadcasts, which can help me to improve accessibility for people with visual impairments.","As a news editor, my objective is to utilize speech technology in order to produce audible renditions of news reports and programs, thereby enhancing the accessibility features for individuals who are visually challenged."
Pediatrics,similarity learning,"As a pediatrician, I want to use similarity learning algorithms to analyze patient data and identify similarities between different childhood diseases, to better understand patient needs and inform treatment decisions.","As a pediatrician, my goal is to employ similarity learning techniques in order to examine patient information and discern commonalities among various childhood illnesses. This will enhance the comprehension of patients' requirements and aid in making more informed choices about their medical care."
Economics,neuromorphic engineering,"As an economist, I want to use neuromorphic engineering to model and predict economic behavior and trends, so that we can make better decisions about resource allocation and policy-making.","As a professional in economics, my objective is to employ neuromorphic engineering techniques for simulating and forecasting patterns of financial activities and market movements. This will enable us to enhance our decision-making process regarding the distribution of resources and formulation of economic policies."
Urban Studies,case-based reasoning,"As a city planner, I want to use case-based reasoning to identify the best solutions for a particular urban planning problem.","As an urban development strategist, my objective is to employ scenario analysis techniques in order to discover optimal approaches when addressing specific challenges related to city design and growth."
Computer Networks,supervised learning,"As a network administrator, I want to use supervised learning to analyze network data and predict network failures or security breaches, so that I can improve network reliability and security.","As a network admin, my objective is to employ machine learning techniques on network information to forecast possible network disruptions or unauthorized access incidents. This will enable me to enhance the dependability and protection of our network infrastructure."
Health,data augmentation,"As a healthcare provider, I want to use data augmentation techniques to generate additional training data for machine learning models used in disease diagnosis and treatment outcome prediction, so that the models can be more accurate and generalize better across different patient populations and regions.","As a medical professional, my goal is to employ data expansion methods to create supplementary information sources for artificial intelligence algorithms employed in detecting illnesses and forecasting healthcare results. By doing this, I aim to enhance the precision of these models while also improving their adaptability when applied across diverse patient groups and geographical areas."
Computer Networks,backpropagation,A network engineer is using machine learning to detect anomalies in network traffic. They are training a neural network using backpropagation to improve the accuracy of the anomaly detection model.,"An engineer specializing in networks employs machine learning techniques for identifying irregularities within network activity. The individual trains an artificial intelligence-based neural network, utilizing the backpropagation algorithm, with the aim of enhancing the precision of their network traffic abnormality identification system."
Health,sentence generation,"As a healthcare provider, I want to use sentence generation to automatically generate patient education materials, to improve patient outcomes and standardize documentation.","As a medical professional, my goal is to utilize automated text creation for generating educational content tailored to patients, with the intention of enhancing patient results and streamlining record-keeping processes."
Economics,reinforcement learning,"As an economist, I want to use reinforcement learning to develop more accurate models of market dynamics and behavior.","As a professional in the field of economics, my aim is to employ reinforcement learning techniques in order to create more precise representations of market trends and participant activities."
Urban Studies,computational linguistics,"As an urban planner, I want to use computational linguistics to analyze news articles and social media posts to understand how residents feel about proposed changes to the city's transportation infrastructure.","As a city developer, my objective is to employ computational linguistics techniques in scrutinizing online news content and public discussions on social platforms to gauge public sentiment regarding modifications to our metropolitan transit systems."
Political Science,latent dirichlet allocation,"As a political scientist, I want to use latent Dirichlet allocation to identify latent topics in political speeches related to foreign policy, so that I can better understand political discourse and identify potential areas of disagreement.","As a researcher specializing in political science, my aim is to employ Latent Dirichlet Allocation (LDA) for the purpose of uncovering hidden themes within political rhetoric concerning international relations. This will enable me to gain deeper insights into political communication and discern possible points of contention."
Sport,classification method,"As a sports analyst, I want to use classification methods to classify different types of player performance, so that I can better predict game outcomes.","As a sports analyst, my goal is to utilize various classification techniques in order to categorize distinct forms of athlete performance. This enables me to enhance the accuracy of foreseeing the results of sporting events."
Literature,c4.5 algorithm,"As a literary scholar, I want to use the C4.5 algorithm to analyze patterns in literary texts and identify themes, motifs, and other literary elements.","As an academic focused on literature, my objective is to employ the C4.5 machine learning technique for examining recurring trends within written works. This will enable me to detect underlying themes, motifs, and various literary components present in these texts."
News,factorization method,"As a journalist or news analyst, I want to use factorization methods to analyze news data and identify key factors affecting news coverage and public opinion, so that I can provide better news analysis and insights.","As a reporter or media researcher, my goal is to employ factorial techniques in the examination of news datasets with the aim of uncovering primary elements influencing media reporting trends and audience sentiments, thereby enabling me to deliver superior journalistic interpretation and commentary."
Social Media,embedding approach,"As a social media analyst, I want to use an embedding approach to represent user profiles and their interests based on their social media activity and interactions, in order to recommend personalized content and advertisements.","As a social media data expert, my objective is to utilize an embeddings technique for encoding user account information and preferences derived from online social behavior and engagement, with the aim of tailoring individualized content suggestions and targeted ads."
Cardiology,backpropagation,"A cardiologist is using machine learning to predict the risk of heart disease in patients based on various factors such as age, gender, and lifestyle. They are training a neural network using backpropagation to improve the accuracy of the risk prediction model.","An experienced cardiologist employs machine learning techniques to forecast potential heart-related health issues for individuals by analyzing elements like patient's age, sex, and habits. The professional is refining a neural network via backpropagation algorithm in order to enhance the precision of their predictive model for heart disease risks."
Nephrology,fully connected layer,"As a nephrologist, I want to use fully connected layers to predict kidney outcomes based on large datasets of patient kidney data, so that I can better diagnose and treat kidney disease.","As a specialist in the field of nephrology, my goal is to utilize fully interconnected networks for anticipating renal health results using extensive information sets containing patients' renal data. This will aid me significantly in identifying and managing renal diseases more effectively."
Movies,multi-class classification,"As a movie producer, I want to use multi-class classification to classify different types of movie genres based on their characteristics and audience appeal, in order to develop more effective marketing and distribution strategies.","As a filmmaker, my goal is to implement a multi-category classification system that can categorize films according to their distinctive features and the targeted demographic's preferences, thereby enabling me to devise improved promotional and dissemination tactics for movies."
Linguistics,string kernel,"As a linguist, I want to use string kernel methods to analyze patterns in language data, such as word frequencies and grammatical constructions, and identify common linguistic themes and trends, such as the emergence of new words and language families, in order to develop more accurate models of language acquisition and processing and improve natural language processing systems.","As a linguist, my objective is to utilize string kernel techniques for examining language data patterns, including word occurrences and syntactic structures, with the goal of uncovering prevalent linguistic motifs and developments like neologisms and evolving language groups. This will aid in creating more precise models of learning and interpreting languages as well as enhancing systems that handle natural human communication."
Pharmacology,multi-class classification,"As a pharmacologist, I want to use multi-class classification to classify different types of drugs based on their molecular and cellular targets, in order to develop more effective drug therapies and improve patient outcomes.","As a pharmacologist, my objective is to apply a multiclass classification system for categorizing various medications according to their molecular and cellular interactions. This will aid in the creation of advanced therapeutic options and enhance patients' health results."
Computer Networks,reservoir computing,"As a network engineer, I want to use reservoir computing to analyze network data and identify key factors that contribute to network performance and security, so that we can design better network systems.","As a network engineer, my goal is to utilize reservoir computing techniques in analyzing network data with the objective of pinpointing crucial elements influencing network efficiency and safety. This analysis will enable us to devise improved networking architectures."
Sociology,neural gas,"As a sociologist, I want to use neural gas to analyze and classify social data, such as survey responses and interview transcripts, so that I can better understand social structures and social change.","From my perspective as a sociologist, I aim to employ neural gas networks for examining and categorizing social datasets, which include surveys and recorded interviews, enabling me to gain deeper insights into societal frameworks and transformations within society."
Radiology,policy iteration,"As a radiologist, I want to use policy iteration to optimize patient treatment plans by developing a policy that considers factors such as medical imaging results, patient medical history, and treatment effectiveness.","As a radiologist, my goal is to enhance patient care through the utilization of policy iteration techniques in order to create an optimized plan for treatments. This requires taking into account various aspects like diagnostic imaging outcomes, patients' past medical records, and success rates of different therapies."
Linguistics,representation learning,"As a linguist, I want to use representation learning to analyze language data and identify key features that are predictive of language acquisition and usage, so that we can design better language education and translation systems.","As a language expert, my objective is to utilize representation learning techniques in processing language datasets. This will enable me to pinpoint significant attributes indicative of linguistic development and application prowess. With this knowledge, we can then create more effective approaches for teaching languages as well as enhance translation services."
Literature,named entity recognition,"As a literary critic, I want to use named entity recognition to automatically identify and classify literary works and authors mentioned in literary analysis and criticism, so that I can better understand literary trends and analyze the cultural significance of different works.","As a literary analyst, my objective is to employ named entity recognition technology for the purpose of programmatically detecting and categorizing references to books and writers within literature critique and evaluation content. This will assist me in gaining deeper insights into prevailing literary patterns as well as evaluating the cultural relevance associated with various pieces of literature."
Library,neural network,"As a librarian, I want to use neural networks to analyze and predict book demand and popularity, so that I can improve book collection and availability for readers.","As a librarian, my goal is to utilize artificial intelligence in the form of neural networks to examine and forecast the interest and appeal of books. This will enable me to enhance the selection and accessibility of reading materials for library patrons."
Dermatology,fss-svm,"As a dermatologist, I want to use FSS-SVM to select the most important dermatological features from large datasets of patient skin data, so that I can better diagnose and treat skin conditions.","As a dermatologist, my objective is to employ FSS-SVM technology in order to identify key dermatological indicators within extensive databases containing patient's dermatological information. This will enable me to enhance the accuracy of diagnosing and managing various skin disorders."
Information Systems,pre-trained language model,"As an information systems analyst, I want to use a pre-trained language model to analyze system logs and user feedback, to identify system performance issues and user behavior patterns, and to use this information to develop more effective system design and troubleshooting strategies.","As an information systems analyst, my objective is to employ a previously trained natural language processing (NLP) tool for scrutinizing log files from the system and feedback provided by users. This process will help in pinpointing potential performance challenges within the system as well as recognizing recurring trends in user actions. The insights gathered from this analysis can then be leveraged to enhance the overall architecture of the system along with refining our approach to problem-solving and maintenance."
Library,neuromorphic engineering,"As a librarian, I want to explore the use of neuromorphic engineering in developing tools for more efficient cataloging and organization of library materials, so that we can improve access to information and knowledge.","From my perspective as a librarian, I aim to investigate how neuromorphic engineering could enhance the creation of advanced systems for streamlined cataloging and arrangement of library resources. This effort is intended to bolster our ability in providing quicker and easier access to information and knowledge."
Sport,conversational understanding,"As a sports organization, I want to use conversational understanding to develop a chatbot that can provide real-time updates on scores, schedules, and player statistics.","As a member of a sports association, my objective is to utilize natural language processing capabilities in order to create an intelligent assistant capable of delivering instant information about game results, timetables, and athletes' performance data through conversation."
Pediatrics,stochastic semantic analysis,"As a pediatrician, I want to use stochastic semantic analysis to analyze patterns in child health data and identify common trends in child health outcomes, in order to improve preventive care and early intervention for childhood illnesses.","As a pediatrician, my aim is to utilize probabilistic semantics evaluation in examining child health data statistics to uncover prevalent patterns in the overall well-being of children. This will enable me to detect shared trends in young patients' health statuses effectively, ultimately enhancing preventative measures and timely treatment for pediatric diseases."
Sociology,natural language semantics,"As a sociologist, I want to use natural language semantics to analyze social media posts and other online content, so that I can understand the underlying attitudes and beliefs that shape public opinion on social issues.","As an academic in sociology, my objective is to utilize natural language semantics for examining various digital platforms' contents, such as social media updates, with a focus on uncovering hidden sentiments and convictions that influence the collective perspective regarding community-related topics."
Music,feature sets,"As a musician, I want to use feature sets to group music data by genre and rhythm, so that I can better understand musical trends and inform my own compositions.","As a musician, utilizing various feature set options allows me to categorize music information based on genres and rhythmic patterns, enabling me to gain insight into prevailing music patterns which will aid in shaping my creative works."
Nephrology,perceptron,"As a nephrologist, I want to use perceptron to classify kidney disease based on patient health data to inform treatment plans and predict disease progression.","As a specialist in renal medicine, my objective is to utilize the perceptron algorithm for categorizing conditions related to the kidneys by analyzing patients' medical information. This will aid me in creating customized therapy strategies and forecasting the advancement of the disease."
Demography,novelty detection,"As a demographer, I want to use novelty detection to identify new demographic trends and patterns, so that we can better understand the dynamics of population change.","As a demographer, my goal is to employ innovative anomaly detection methods in order to discover emerging demographic shifts and patterns, enabling us to gain deeper insights into the nature of changes within populations."
Urban Studies,n-grams,"As an urban planner, I want to use n-grams to analyze patterns in urban development and land use, so that I can better understand how cities evolve over time and make recommendations for sustainable urban planning.","As a city designer, my objective is to leverage n-gram techniques in examining trends within the growth of metropolitan areas and utilization of land. This will allow me to grasp more comprehensively the dynamic nature of cities through time periods, ultimately enabling me to propose strategies for maintaining eco-friendly urban development."
Pharmacology,classification method,"As a pharmacologist, I want to use classification methods to classify different types of drugs and their effects, so that I can develop targeted treatment plans.","As a pharmacologist, my objective is to employ various classification techniques in order to categorize diverse medications and their impacts, enabling me to create personalized therapeutic regimens."
Literature,unsupervised clustering,"As a literary critic, I want to use unsupervised clustering to identify groups of literary works with similar themes and study their relationship to patterns of literary analysis and interpretation.","As an evaluator of literature, my goal is to employ unsupervised learning techniques for grouping related literary pieces based on shared motifs and examine how these clusters correspond with trends in analyzing and interpreting such writings."
Medicine,liquid state machine,"As a medical researcher, I want to use liquid state machines to analyze and predict the efficacy of drugs and treatments based on various factors, such as dosage, patient demographics, and disease progression, allowing for better decisions about drug development and clinical trials.","As a medical researcher, my goal is to leverage liquid state machines in order to evaluate and forecast the success rates of medications and therapies considering factors like dosage levels, patient demographics, and progression of illnesses. This approach will enable more informed choices concerning pharmaceutical innovation and clinical trial design."
Social Media,explicit semantic analysis,"As a social media analyst, I want to use explicit semantic analysis to identify sentiment and trends on social media platforms, so that I can improve social media engagement and better understand user behavior.","As a professional analyzing social media data, I aim to utilize Explicit Semantic Analysis (ESA) for detecting emotions and patterns in content shared across various social networking sites. This approach will enable me to enhance interaction with these platforms and gain deeper insights into the preferences of their users."
Cardiology,elman network,"As a cardiologist, I want to use Elman networks to predict which patients are most at risk of developing heart disease based on their medical history, lifestyle factors, and genetic information. I also want to use Elman networks to model the progression of heart disease and predict the effectiveness of different treatments.","As a cardiologist, my objective is to employ Elman neural networks for forecasting patient susceptibility to heart disease considering their medical background, lifestyle choices, and genetic makeup. Furthermore, I aim to utilize Elman neural networks in simulating the advancement of heart disease and assessing various treatment options' success rates."
Transportation,computational linguistics,"As a transportation analyst, I want to use computational linguistics to analyze social media data and understand how people are discussing transportation issues in different regions.","As a transportation expert, my aim is to utilize computational linguistics methods for examining social media content, thereby gaining insights into the regional conversations surrounding various transportation concerns."
Radiology,supervised deep networks,"As a radiologist, I want to use supervised deep networks to detect and classify anomalies in medical images such as tumors and fractures.","As a medical imaging specialist, my objective is to employ machine learning algorithms with labeled data, specifically supervised deep neural networks, for the purpose of identifying and categorizing irregularities within healthcare images like malignant growths and broken bones."
Economics,elbot,"As an economist, I want to use Elbot to analyze and forecast economic trends and outcomes, in order to inform economic policy decisions.","As a professional in economics, my aim is to utilize Elbot for the examination and prediction of economic patterns as well as results. This will assist me in making informed choices regarding economic regulations and strategies."
Sociology,lifelong machine learning,"As a sociologist, I want to use lifelong machine learning to continuously improve my sociological models and theories and adapt them to changing social trends and patterns, in order to provide more accurate and insightful analysis of social phenomena and trends for use in social science research and other applications.","As a sociologist, I aim to utilize continuous machine learning techniques so that I can consistently refine my sociological models and theories. This will enable me to adjust them according to the evolving social trends and patterns, allowing for more precise and enlightening examination of social phenomena and trends, which could be beneficial in various aspects of social science research and other relevant fields."
Transportation,cnn,"As a transportation engineer, I want to use CNNs to classify different types of traffic patterns based on traffic camera footage, so that I can better understand traffic flows and develop targeted traffic management strategies.","As a professional in the field of transport engineering, my objective is to employ Convolutional Neural Networks (CNNs) for categorizing distinct traffic flow variations from video recordings captured by traffic surveillance cameras, enabling me to gain insights into traffic dynamics and devise specific measures for effective traffic control."
Biology,speech synthesis,"A team of bioacoustics researchers is using speech synthesis technology to study the vocalizations of non-human animals, such as birds and whales. The machine learning algorithms are trained to synthesize animal sounds, allowing the researchers to better understand the acoustic communication systems of different species.","A group of bioacoustics specialists employs speech synthesis techniques for analyzing non-human animal vocalizations, including birds and marine mammals like whales. Machine learning models are employed to generate these animal calls, enhancing the team's comprehension of various species' acoustic signaling mechanisms."
Psychology,pattern recognition,"As a psychologist, I want to use pattern recognition to identify patterns in patient behavior data and predict patient outcomes to inform treatment plans.","As a psychologist, my goal is to employ pattern identification techniques on patient behavioral datasets with the aim of uncovering recurring trends and forecasting patients' future results. This information will be utilized to enhance the planning and development of tailored therapeutic interventions."
Social Media,tokenization,"As a social media marketer, I want to tokenize user comments to understand sentiment towards a product.","As a social media strategist, my objective is to break down user feedback into tokens in order to analyze the emotional reaction towards a particular item or service."
Political Science,feature extraction,"As a political scientist, I want to use feature extraction to identify and extract meaningful features from political data, such as voting patterns and political affiliation, so that we can better understand and analyze political systems.","As a researcher in the field of politics, my objective is to utilize feature selection techniques for isolating significant characteristics within political datasets like electoral behavior and party allegiance. This will enable us to gain deeper insights and facilitate more detailed examination of political structures."
Library,multinomial logistic regression,"As a librarian, I want to use multinomial logistic regression to predict user preferences and needs based on library usage data and user characteristics to enhance access and discovery for library users.","As a librarian, my objective is to employ multinomial logistic regression as a tool to forecast the interests and requirements of patrons by analyzing their interaction with library resources in conjunction with demographic information. The aim is to improve user experience related to finding and accessing library materials."
Social Networks,recurrent network,"As a social network, I want to use a recurrent network to predict user connections and social network dynamics, based on historical data and social network interactions, so that I can improve the social network experience for my users.","As a social media platform, my objective is to leverage an RNN (Recurrent Neural Network) model utilizing past interaction records and historical engagement patterns in order to forecast user relationships and evolving trends within the network, thereby enhancing the overall user experience on our platform."
Movies,keyword spotting,"As a movie producer, I want to use keyword spotting to identify specific themes and elements in movie scripts, so that I can develop more engaging and successful movies.","From my perspective as a filmmaker, utilizing keyword detection would enable me to pinpoint distinctive motifs and components within movie screenplays. This capability will help enhance the creation of captivating films with higher chances of success."
Movies,dependency parsing,"As a film analyst, I want to use dependency parsing to analyze movie scripts and identify narrative patterns.","As an expert in film analysis, my goal is to utilize dependency parsing techniques for dissecting screenplays with the objective of uncovering underlying story structures and recurring themes."
Literature,representation learning,"As a literary scholar, I want to use representation learning to analyze literary data and identify key features that are predictive of literary success, so that we can design better literary analysis tools and publishing strategies.","As an expert in literature studies, my objective is to employ representation learning techniques for the examination of literary datasets. By doing this, I aim to discover significant indicators that correlate with a book's potential popularity or critical acclaim. This insight will enable us to create more effective tools for literary analysis and make informed decisions regarding publishing tactics."
Computer Vision,text mining,"As a computer vision researcher, I want to mine image data to analyze image content and context to inform computer vision research and application.","As an individual engaged in computer vision studies, my aim is to extract information from visual datasets for the purpose of evaluating the subjects within images and their surrounding environments, thereby contributing valuable insights towards advancing research and practical applications in the field of computer vision."
Political Science,classifier chain,"As a political scientist, I want to use a classifier chain to predict different types of political outcomes, taking into account the interactions between multiple factors, such as public opinion and media coverage, so that I can better understand political dynamics.","As a researcher in political science, my objective is to employ a classifier chain for forecasting various political results while considering the interplay among several variables like public sentiment and news influence. This will enable me to gain deeper insights into the workings of politics."
Social Work,tree algorithms,"As a social worker, I want to use tree algorithms to analyze patient data and identify factors that influence mental health outcomes.","As a social worker, my objective is to employ arboreal computational methods in examining client records to uncover variables impacting psychological well-being results."
Demography,decision boundary,"As a demographer, I need to identify the decision boundary for a population segmentation model to analyze demographic trends.","As a demographer, my objective is to determine the delineating line of a model that segments populations in order to examine patterns and shifts within different demographic groups."
Social Networks,part-of-speech,"As a social network researcher, I want to use part-of-speech tagging to analyze messages exchanged between users to identify patterns in communication.","As an investigator studying online communities, my aim is to employ part-of-speech analysis on user interactions within the platform to detect recurring trends in how people communicate with each other."
Computer Vision,support vector regression,"As a computer vision researcher, I want to use Support Vector Regression (SVR) to predict the performance of object detection and recognition algorithms based on various visual features such as color, texture, and shape so that I can optimize algorithm design and improve accuracy.","As a specialist in computer vision studies, my objective is to implement Support Vector Regression (SVR) for estimating the effectiveness of object identification and classification methods by analyzing diverse image attributes like hue, surface details, and geometric characteristics. This enables me to enhance algorithm development strategies and increase precision rates."
Psychology,graph mining,"As a psychologist, I want to use graph mining to analyze social networks and identify factors that contribute to mental health, so that I can develop more effective interventions and treatment plans.","From my perspective as a psychologist, utilizing graph mining techniques allows me to examine social networks and uncover elements influencing mental wellbeing. This will enable the creation of improved therapeutic strategies and individualized care approaches."
Transportation,multiword expressions,"As a transportation engineer, I want to extract multiword expressions from social media data related to traffic to analyze traffic patterns.","As a professional working in the field of transport engineering, my objective is to retrieve multiple-term phrases derived from social media content that pertains to road congestion and utilize this information for assessing traffic flow trends."
Literature,value iteration,"As a literary critic, I want to use value iteration to optimize the allocation of literary resources and improve access to literature, so as to promote literacy and cultural understanding.","From my perspective as a literary reviewer, my goal is to utilize value iteration for effectively distributing literary assets in order to enhance availability of literary works and foster literacy and cross-cultural comprehension."
Information Systems,sentence extraction,"As an information systems analyst, I want to use sentence extraction to automatically identify key information from user feedback, to quickly identify common issues and areas for improvement in software and enhance user experience.","As an information systems analyst, my goal is to leverage the technique of extracting sentences from user inputs autonomously. This method will help me efficiently pinpoint recurring problems and opportunities for enhancing our software's functionality while also improving overall user satisfaction."
Psychology,lexical choice,"As a psychologist, I want to use a machine learning system for lexical choice to improve the accuracy and readability of my research papers and psychological reports, so that I can better communicate my findings to other mental health professionals and patients.","As a psychologist, my goal is to implement an AI-based system utilizing linguistic selection in order to enhance the precision and clarity of my scholarly articles and clinical documentation. This improvement would enable me to effectively convey my discoveries to fellow mental health experts as well as patients."
Cardiology,word error rate,"As a cardiologist, I want to use word error rate to evaluate the accuracy of automated transcription of medical reports and patient notes, so that I can provide more accurate and effective treatments for my patients.","As a heart specialist, my objective is to utilize the word error ratio in assessing the precision of technology-assisted conversion of health records and patient histories. This will enable me to offer improved treatment options for my patients."
Health,one-class classification,"As a healthcare professional, I want to use one-class classification to detect anomalous behavior in electronic health records, so that I can identify potential medical errors or fraud.","As a medical practitioner, my goal is to employ unsupervised outlier detection techniques on digital patient data sets with the intent of identifying irregular patterns which may indicate mistakes in healthcare delivery or possible deceitful activities."
Demography,learning linear model,"As a demographer, I want to use learning linear models to predict population growth and migration patterns in different regions.","As a demographer, my aim is to employ linear regression techniques for forecasting trends in population expansion and the movement of people across various geographical areas."
Biology,natural language processing,"A pharmaceutical company is using natural language processing to analyze scientific papers and identify potential drug targets for a particular disease. The machine learning algorithms are trained to recognize key phrases and concepts related to the disease, allowing the company to quickly identify promising targets for further study.","An organization in the pharmaceutical industry employs natural language processing techniques to scrutinize scholarly articles, pinpointing prospective therapeutic agents for addressing a specific illness. Machine learning models are developed and trained to detect significant terminology and ideas pertinent to the illness, thereby enabling rapid identification of promising areas requiring additional investigation."
Computer Networks,legal information retrieval,"As a network engineer, I want to use a legal information retrieval system powered by machine learning to search and analyze laws and regulations related to data privacy and security, so that I can ensure compliance and protect user data.","As a network engineer, my objective is to utilize an AI-powered legal information retrieval platform with machine learning capabilities for searching and examining statutes and directives pertaining to data protection and cybersecurity. This will enable me to guarantee adherence to regulations while safeguarding the privacy of user data."
News,question answering,"As a journalist, I want to use question answering to quickly find information about news events and trends, in order to inform my news coverage and reporting.","As a journalist, utilizing question-answering capabilities will enable me to swiftly gather data regarding current happenings and developments, thus enhancing the quality of my journalistic content creation and dissemination."
Demography,rule induction,"As a demographer, I want to use rule induction to identify the factors that influence migration patterns, so that I can better understand population dynamics.","As a demographer, my goal is to utilize rule induction techniques in order to uncover the underlying determinants impacting movement trends within populations, enabling me to enhance my grasp of demographic changes."
Endocrinology,pre-trained language model,"As an endocrinologist, I want to use a pre-trained language model to analyze medical research and patient records, to identify patterns in hormone levels and treatment responses, and to use this information to develop more accurate and effective hormone therapies.","As an endocrinologist, my objective is to employ a previously trained natural language processing (NLP) model for the examination of medical literature and patient data, with the goal of detecting trends related to hormone concentrations and reactions to treatments. The insights gleaned from this analysis will aid in the creation of more precise and efficient hormonal therapy protocols."
Information Systems,fasttext,"As an information systems professional, I want to use fasttext to classify and categorize information in databases and information systems, so that users can find information more easily and accurately.","As a professional working with information systems, my objective is to implement fastText technology for the purpose of swiftly sorting and organizing data within databases and related platforms. This will enable end-users to locate relevant information efficiently and precisely."
Music,encoder-decoder model,"As a music producer, I want to use an encoder-decoder model to generate personalized music recommendations for listeners based on their historical listening behavior and interests, in order to improve user engagement and satisfaction.","As a music producer, my goal is to implement an encoder-decoder framework that creates tailored music suggestions for users by analyzing their past listening patterns and preferences. This approach will enhance the level of interaction between listeners and our platform while increasing contentment rates."
Sociology,phrase embeddings,"As a sociologist, I want to use phrase embeddings to analyze the relationships between social phenomena and their representation in social media to better understand public perceptions of social issues and inform social theory and analysis.","As a sociologist, my goal is to leverage phrase embeddings for examining how different social occurrences are portrayed on various social platforms. This approach will enable me to gain insights into the general views held by the public regarding significant societal matters. Ultimately, this understanding can contribute towards refining our theoretical frameworks and analyses within sociology."
Social Work,stemming,"As a social worker, I want to use stemming algorithms to analyze social work case notes and identify related cases, so that I can better understand and address the needs of my clients.","As a social worker, it is essential for me to employ stemming techniques on social work documentation in order to uncover associated cases, which will enhance my comprehension and ability to cater to the requirements of those under my care effectively."
Social Media,information processing language,"As a social media marketer, I want to use information processing language to develop algorithms for analyzing user interests and preferences from social media data, in order to develop more effective social media marketing strategies.","As a social media advertiser, my goal is to utilize natural language processing technology to create algorithms capable of assessing users' tastes and inclinations from social media content. This enables me to design superior social media promotion tactics."
Finance & Marketing,learning linear model,"As a marketer, I want to use learning linear models to predict consumer behavior and optimize advertising campaigns.","As a marketing professional, my objective is to leverage linear regression techniques for forecasting customer actions and refining promotional initiatives."
Endocrinology,random subspace method,"As an endocrinologist, I want to use the random subspace method to identify the most significant factors that affect diabetes risk.","As a specialist in hormone-related diseases, my objective is to apply the technique of random feature selection in order to pinpoint the key variables that influence the likelihood of developing diabetes."
Music,regularization,"As a music producer, I want to use regularization techniques to improve the accuracy of my music recommendation models and better match listeners with new music.","As a music creator, my goal is to implement regularization methods in order to enhance the precision of my audio suggestion algorithms, thereby facilitating more accurate pairings between artists' works and potential audiences."
Demography,learning from implicit feedback,"As a demographer, I want to use learning from implicit feedback to better understand population migration patterns and identify factors that influence people to move to different areas, allowing for more accurate projections of future population trends and resource allocation.","As a demographic analyst, my objective is to utilize insights derived from subtle indicators to enhance comprehension of migratory behavior within populations and pinpoint the determinants that prompt individuals to relocate to new locales. This approach will facilitate more precise forecasting of future population dynamics and optimize distribution planning for resources."
Urban Studies,spiking neural network,"As an urban planner, I want to use spiking neural networks to analyze data on population growth, migration, and housing patterns so that I can make informed decisions about land use, zoning, and infrastructure development.","As a city designer, my objective is to utilize spiking neural networks for examining demographic expansion, relocation trends, and residential distribution data. This enables me to base my choices on optimal urban planning strategies regarding land allocation, building regulations, and the creation of public facilities and transportation systems."
Finance & Marketing,query expansion,"As a marketer, I want to use query expansion to identify new market trends and opportunities by expanding the search to include related keywords and market data, in order to improve marketing strategies and performance.","As a marketer, my goal is to leverage query expansion for uncovering emerging market patterns and potential prospects by broadening the search scope with associated terms and industry statistics, with the objective of enhancing our promotional tactics and overall effectiveness."
Computer Networks,fss-svm,"As a network engineer, I want to use FSS-SVM to select the most informative network features from large datasets of network traffic data, so that I can better optimize network performance and improve security.","As a network engineer, my objective is to implement an SVM (Support Vector Machine) algorithm for Feature Selection (FSS) in order to identify the key attributes within extensive sets of network traffic information. This will enable me to enhance the efficiency of network operations as well as bolster security measures."
Law,inductive logic learning,"As a legal researcher, I want to use inductive logic learning to identify patterns in legal cases, in order to develop new insights into legal decision-making and inform legal policy decisions.","As a legal analyst, my objective is to employ induction-based machine learning techniques for discerning recurring trends within various court rulings. This approach will facilitate the creation of novel perspectives on judicial reasoning and contribute to shaping future regulatory frameworks in law."
Radiology,random forest,"As a radiologist, I want to use random forest models to predict disease progression and treatment outcomes based on variables such as patient demographics, medical history, and imaging results, in order to improve patient care and inform medical practice.","As a radiologist, my goal is to utilize machine learning techniques like the Random Forest algorithm for forecasting disease advancement and anticipating treatment efficacy through analyzing various factors including patients' demographics, their past health records, and imagery findings. This approach aims to enhance patient treatment strategies and guide medical decision-making processes."
Music,feedforward neural network,"As a musician, I want to use a feedforward neural network to predict musical success and audience preferences based on music data, so that I can better inform music production decisions and improve my compositions.","As a music artist, I aim to utilize a feedforward neural network for forecasting popularity of songs as well as listener tastes using musical data. This will enable me to enhance decision-making in the creation process and refine my musical pieces accordingly."
Political Science,inverse reinforcement learning,"As a political scientist, I want to use inverse reinforcement learning to understand the factors that influence political decision-making and voting behavior, so that I can better understand political trends and make predictions.","As a researcher in political science, my objective is to employ inverse reinforcement learning techniques in order to uncover the underlying influences on political choices and electoral patterns. This will enable me to gain insights into political movements and forecast future developments more accurately."
Sociology,early stopping,"As a sociologist, I want to use early stopping to prevent overfitting in models that predict social inequality and mobility from survey data.","From my perspective as a sociologist, it is essential for me to implement an approach like early stopping to mitigate the risk of overfitting while developing machine learning models aimed at forecasting trends related to social disparity and upward or downward mobility based on survey information."
Finance & Marketing,machine learning,"As a marketer, I want to use machine learning to analyze consumer data and develop more targeted marketing campaigns that are more effective at driving sales.","From my perspective as a marketer, I seek to employ machine learning techniques for examining customer information in order to create highly-focused promotional initiatives that enhance their effectiveness in increasing revenue."
News,glove,"As a news analyst, I want to use GloVe to analyze and understand patterns of language use and sentiment in news media to help identify potential biases, fake news, and other forms of media manipulation and promote more informed and ethical news reporting.","As a news evaluator, my objective is to utilize the GloVe algorithm for examining linguistic trends and emotional tones within journalism outlets in order to detect possible prejudices, disinformation, or other media manipulation tactics. This will assist in advancing responsible and ethical journalism practices by facilitating better-informed analysis of news content."
Music,rnn architecture,"As a music producer, I want to use RNN architecture to analyze listener data over time, so that we can identify trends and patterns in music preferences and design better music recommendation systems.","As a music creator, my objective is to employ Recurrent Neural Network (RNN) technology for examining historical listener information progressively, enabling us to detect recurring tendencies and musical preference habits, ultimately allowing the creation of improved platforms for suggesting music choices."
