Domain,Machine Learning Task,User Story,par phi3:medium
Economics,hierarchical clustering,"As an economist, I want to use hierarchical clustering to group similar economic sectors and industries based on the financial and economic indicators of business data to improve the accuracy and efficiency of economic analysis and prediction.","As a professional in the field of economics, my goal is to employ hierarchical clustering techniques for organizing comparable areas within the economy's vast landscape. By analyzing key fiscal and monetary measures obtained from business-related datasets, I aim to enhance both precision and effectiveness when it comes to economic evaluation and forecasting endeavors."
Computer Vision,canonical correlation analysis,"As a computer vision researcher, I want to use canonical correlation analysis to identify the relationship between image features and object recognition accuracy.","As an expert in visual perception studies, my goal is to employ canonical correlation assessment techniques for discerning correlations between characteristics of images and their respective precision levels in identifying objects."
Law,machine learning,"As a lawyer, I want to use machine learning to analyze case data and predict outcomes to inform legal strategy and improve outcomes for clients.","As an attorney, I aim to leverage artificial intelligence techniques to evaluate judicial information and forecast verdicts in order to shape counsel tactics and enhance client results."
Transportation,information retrieval,"As a transportation analyst, I want to use information retrieval to search for and extract relevant information on traffic patterns and infrastructure variables from large-scale transportation datasets, in order to develop more effective transportation management strategies.","As an expert analyzing transit systems, my goal is to leverage data extraction techniques for gathering pertinent insights regarding vehicular flows and structural factors within extensive transport records, which will aid me in formulating improved methods for overseeing traffic operations."
Plant Science,semantic dependency parsing,"As a plant scientist, I want to use semantic dependency parsing in machine learning models to analyze plant genetic and molecular data, such as gene expression and protein interactions, to identify the functional relationships between genes and to understand the underlying biological processes that affect plant growth and productivity.","As an expert in botany, my aim is to leverage semantic dependency parsing within machine learning frameworks for examining data related to plant genomics and molecular composition, including gene expression patterns and protein interactions, in order to discern functional associations among genes and comprehend the fundamental biological mechanisms influencing plant development and yield."
Literature,document clustering,"As a literary critic, I want to apply document clustering to group literary texts by genre or author, so that I can more easily analyze literary trends and develop more informed literary criticism.","As an analyst of literature, my goal is to utilize document categorization techniques in order to organize written works based on their type (genre) or writer. This will facilitate a simpler examination of patterns within literature, enabling me to craft well-informed critical reviews and insights."
News,speech synthesis,"As a news editor, I want to use speech synthesis to generate audio versions of news articles and broadcasts, which can help me to improve accessibility for people with visual impairments.","As an individual responsible for editing news content, my objective is to employ voice synthesis technology in order to create audible renditions of written pieces and media presentations. This initiative aims at enhancing the availability and inclusivity of information for those who have difficulty with sight."
Pediatrics,similarity learning,"As a pediatrician, I want to use similarity learning algorithms to analyze patient data and identify similarities between different childhood diseases, to better understand patient needs and inform treatment decisions.","As a doctor specializing in children's health, my goal is to employ similarity assessment techniques on medical records of young patients. By doing so, I can pinpoint resemblances among various juvenile illnesses, which will help me grasp the requirements of these little ones more effectively and guide me towards making well-informed choices regarding their care."
Economics,neuromorphic engineering,"As an economist, I want to use neuromorphic engineering to model and predict economic behavior and trends, so that we can make better decisions about resource allocation and policy-making.","As a specialist in economics, my goal is to employ the principles of neuromorphic computing for simulating and forecasting financial patterns and tendencies, thereby enhancing our judgment regarding distribution of resources and governance strategies."
Urban Studies,case-based reasoning,"As a city planner, I want to use case-based reasoning to identify the best solutions for a particular urban planning problem.","As an urban development strategist, my goal is to employ case-based reasoning techniques in order to discover optimal resolutions for specific challenges within city planning."
Computer Networks,supervised learning,"As a network administrator, I want to use supervised learning to analyze network data and predict network failures or security breaches, so that I can improve network reliability and security.","As an IT professional responsible for managing networks, my objective is to utilize supervised learning techniques to examine network information in order to foresee potential breakdowns or cyber attacks, thereby enhancing the dependability and safety of our network infrastructure."
Health,data augmentation,"As a healthcare provider, I want to use data augmentation techniques to generate additional training data for machine learning models used in disease diagnosis and treatment outcome prediction, so that the models can be more accurate and generalize better across different patient populations and regions.","As a medical professional, my goal is to implement data enrichment methods to create extra training datasets for ML algorithms utilized in identifying illnesses and forecasting theracheological outcomes, ensuring improved precision and broader applicability among diverse patient groups and geographical locations."
Computer Networks,backpropagation,A network engineer is using machine learning to detect anomalies in network traffic. They are training a neural network using backpropagation to improve the accuracy of the anomaly detection model.,"A specialist in networking employs artificial intelligence techniques for identifying irregularities within data flows. By applying the method of error correction in their deep learning architecture, they aim to enhance the precision of their system that pinpoints network abnormalities."
Health,sentence generation,"As a healthcare provider, I want to use sentence generation to automatically generate patient education materials, to improve patient outcomes and standardize documentation.","As a medical professional, my goal is to utilize automated sentence creation technology for the production of educational resources tailored to patients in order to enhance their treatment results while ensaving consistency across record-keeping practices."
Economics,reinforcement learning,"As an economist, I want to use reinforcement learning to develop more accurate models of market dynamics and behavior.","As a financial analyst, my goal is to employ reinforcement learning techniques for creating enhanced predictive models that better capture the complexities of economic patterns and consumer actions."
Urban Studies,computational linguistics,"As an urban planner, I want to use computational linguistics to analyze news articles and social media posts to understand how residents feel about proposed changes to the city's transportation infrastructure.","From the perspective of a city planner, employing computational language analysis on news content and online discussions will help in gauging public sentiment towards planned modifications in urban transit systems."
Political Science,latent dirichlet allocation,"As a political scientist, I want to use latent Dirichlet allocation to identify latent topics in political speeches related to foreign policy, so that I can better understand political discourse and identify potential areas of disagreement.","As an expert in political science, my aim is to employ latent Dirichlete allocation techniques for the purpose of uncovering concealed themes within foreign policy-focused speeches. This will enable me to gain a deeper insight into political conversations and pinpoint possible points of contention."
Sport,classification method,"As a sports analyst, I want to use classification methods to classify different types of player performance, so that I can better predict game outcomes.","As an expert in athletic analysis, my objective is to apply categorization techniques for sorting various levels of athlete performances, enabling me to improve the accuracy of forecasting match results."
Literature,c4.5 algorithm,"As a literary scholar, I want to use the C4.5 algorithm to analyze patterns in literary texts and identify themes, motifs, and other literary elements.","As an expert in literature analysis, my objective is to employ the C4.5 algorithm for examining recurring patterns within written works while detecting central ideas, repeated symbols or concepts, and additional aspects of literary significance."
News,factorization method,"As a journalist or news analyst, I want to use factorization methods to analyze news data and identify key factors affecting news coverage and public opinion, so that I can provide better news analysis and insights.","As a media professional such as a journalist or an analyst, my aim is to leverage factorization techniques for examining news content, pinpointing the primary elements influencing both news reporting and societal viewpoints, ultimately enhancing my capacity to deliver more informed commentary and perspectives."
Social Media,embedding approach,"As a social media analyst, I want to use an embedding approach to represent user profiles and their interests based on their social media activity and interactions, in order to recommend personalized content and advertisements.","As a specialist in analyzing social media data, I aim to implement an embedding methodology that encapsulates users' online behavioral patterns and preferences derived from their engagement within the platform. This will facilitate the delivery of custom-tailored suggestions and targeted advertisements tailored to individual user profiles."
Cardiology,backpropagation,"A cardiologist is using machine learning to predict the risk of heart disease in patients based on various factors such as age, gender, and lifestyle. They are training a neural network using backpropagation to improve the accuracy of the risk prediction model.","** A medical professional specializing in cardiac care utilizes machine learning algorithms to assess potential heart disease risk among patients by analyzing factors such as age, sex, and lifestyle choices. They optimize a neural network model using backpropagation techniques to increase the accuracy of their predictive tool for heart health risks.**"
Nephrology,fully connected layer,"As a nephrologist, I want to use fully connected layers to predict kidney outcomes based on large datasets of patient kidney data, so that I can better diagnose and treat kidney disease.","As an expert in renal medicine, my aim is to employ deep learning techniques involving dense neural networks for forecasting renal health prognoses utilizing expansive repositories of medical records pertaining to renal patients, enabling more accurate identification and management of nephrological ailments."
Movies,multi-class classification,"As a movie producer, I want to use multi-class classification to classify different types of movie genres based on their characteristics and audience appeal, in order to develop more effective marketing and distribution strategies.","As an individual responsible for producing films, my objective is to employ multi-label categorization techniques to distinguish between various film genres according to their attributes and viewer attraction, with the aim of crafting superior promotional and dissemination plans."
Linguistics,string kernel,"As a linguist, I want to use string kernel methods to analyze patterns in language data, such as word frequencies and grammatical constructions, and identify common linguistic themes and trends, such as the emergence of new words and language families, in order to develop more accurate models of language acquisition and processing and improve natural language processing systems.","As a language expert, I aim to employ string kernel techniques for examining patterns within language data, including word counts and sentence structures, to pinpoint prevalent linguistic motifs and shifts like the rise of novel terms and language categories. This will assist in creating more precise models related to learning and interpreting languages as well as enhancing systems that deal with natural language processing."
Pharmacology,multi-class classification,"As a pharmacologist, I want to use multi-class classification to classify different types of drugs based on their molecular and cellular targets, in order to develop more effective drug therapies and improve patient outcomes.","As an expert in medicinal chemistry, my aim is to employ multiclass categorization techniques for identifying various drug classes by analyzing their specific molecular and cell-based interactions. This will help create enhanced therapeutic treatments and enhance the well-being of patients."
Computer Networks,reservoir computing,"As a network engineer, I want to use reservoir computing to analyze network data and identify key factors that contribute to network performance and security, so that we can design better network systems.","As an expert in networking, my goal is to leverage the potential of reservoir computing for examining network data thoroughly and pinpointing significant elements influencing both network effectiveness and safety. This approach will empower us to devise enhanced and optimized network infrastructures."
Sociology,neural gas,"As a sociologist, I want to use neural gas to analyze and classify social data, such as survey responses and interview transcripts, so that I can better understand social structures and social change.","As an investigator of society, my goal is to apply the neural gas technique for the evaluation and categorization of societal information sources like questionnaire feedback and recorded dialogues, enabling me to gain deeper insights into the dynamics of community frameworks and transformations within them."
Radiology,policy iteration,"As a radiologist, I want to use policy iteration to optimize patient treatment plans by developing a policy that considers factors such as medical imaging results, patient medical history, and treatment effectiveness.","As an expert in diagnostic imaging, my objective is to refine patient care strategies through the application of policy iteration methods. This will involve formulating a strategy that integrates elements like imaging find surveys, individual health backgrounds, and prior treatment outcomes for optimal results."
Linguistics,representation learning,"As a linguist, I want to use representation learning to analyze language data and identify key features that are predictive of language acquisition and usage, so that we can design better language education and translation systems.","As an expert in linguistics, my aim is to utilize representation learning for examining language datasets in order to pinpoint crucial attributes indicative of language learning and application. This will enable us to develop more effective tools for language instruction and translation services."
Literature,named entity recognition,"As a literary critic, I want to use named entity recognition to automatically identify and classify literary works and authors mentioned in literary analysis and criticism, so that I can better understand literary trends and analyze the cultural significance of different works.","As an expert evaluating literature, my aim is to employ named entity recognition technology for effortlessly pinpointing and categorizing references to specific literary creations and their originators within critical discussions and scholarly critiques. This approach will enhance my comprehension of evolving patterns in the realm of literature while also facilituting an evaluation of the societal importance encompassed by various compositions."
Library,neural network,"As a librarian, I want to use neural networks to analyze and predict book demand and popularity, so that I can improve book collection and availability for readers.","As an individual responsible for managing library resources, my goal is to employ artificial intelligence in the form of neural networks for evaluating and forecasting the interest levels and desirability of books. This approach will enable me to enhance the selection and accessibility of our book collection to better meet the needs of readers."
Dermatology,fss-svm,"As a dermatologist, I want to use FSS-SVM to select the most important dermatological features from large datasets of patient skin data, so that I can better diagnose and treat skin conditions.","As a skincare specialist, my goal is to employ the FSS-SVM technique for identifying key dermatological characteristics within vast collections of individuals' epidermal information, which will enhance my ability to accurpertly detect and manage cutaneous disorders."
Information Systems,pre-trained language model,"As an information systems analyst, I want to use a pre-trained language model to analyze system logs and user feedback, to identify system performance issues and user behavior patterns, and to use this information to develop more effective system design and troubleshooting strategies.","As an IS analyst, my aim is to leverage an existing linguistic model for examining system records and customer comments. This will help me pinpoint any problems with the system's operation as well as patterns in user conduct. With this insight, I can formulate superior methods for designing systems and resolving issues that may arise."
Library,neuromorphic engineering,"As a librarian, I want to explore the use of neuromorphic engineering in developing tools for more efficient cataloging and organization of library materials, so that we can improve access to information and knowledge.","As an archivist, my aim is to investigate how neuromorphic technology could be applied to create better systems for organizing and categorizing library resources, ultimately enhancing the availability of data and insights."
Sport,conversational understanding,"As a sports organization, I want to use conversational understanding to develop a chatbot that can provide real-time updates on scores, schedules, and player statistics.","As an entity in charge of sports management, our goal is to implement natural language processing capabilities for creating a virtual assistant capable of delivering live information about game results, event timings, and athlete performance data."
Pediatrics,stochastic semantic analysis,"As a pediatrician, I want to use stochastic semantic analysis to analyze patterns in child health data and identify common trends in child health outcomes, in order to improve preventive care and early intervention for childhood illnesses.","As an expert in children's health, my goal is to utilize probabilistic methods of meaning extraction to examine child wellness data patterns, pinpoint frequent tendencies in the results of young patients' health status, with the aim of enhancing proactive measures and early treatment for sickly kids."
Sociology,natural language semantics,"As a sociologist, I want to use natural language semantics to analyze social media posts and other online content, so that I can understand the underlying attitudes and beliefs that shape public opinion on social issues.","As an investigator of society, my goal is to utilize natural language understanding techniques in examining digital communications like social media messages and web-based material. This will allow me to decipher the fundamental thoughts and convictions influencing collective perspectives on societal concerns."
Music,feature sets,"As a musician, I want to use feature sets to group music data by genre and rhythm, so that I can better understand musical trends and inform my own compositions.","As an artist, I aim to utilize categorization techniques to organize musical information based on style and tempo, enabling me to gain inscriptions of prevailing musical patterns and inspire my personal songwriting."
Nephrology,perceptron,"As a nephrologist, I want to use perceptron to classify kidney disease based on patient health data to inform treatment plans and predict disease progression.","As an expert in kidney disorders, my aim is to employ the perceptron algorithm for categorizing renal diseases using medical records of patients as a means to guide therapsy approaches and forecast the development of such conditions."
Demography,novelty detection,"As a demographer, I want to use novelty detection to identify new demographic trends and patterns, so that we can better understand the dynamics of population change.","As an expert in studying populations, my goal is to employ methods for detecting fresh shifts and tendencies within demographic data, enabling a deeper comprehension of how our society evolves over time."
Urban Studies,n-grams,"As an urban planner, I want to use n-grams to analyze patterns in urban development and land use, so that I can better understand how cities evolve over time and make recommendations for sustainable urban planning.","As a city designer, my objective is to employ n-gram analysis techniques for examining trends related to the growth of metropolitan areas and their utilization, enabling me to gain insights into urban progression through different eras while formulating eco-friendly strategies for future urban development."
Pharmacology,classification method,"As a pharmacologist, I want to use classification methods to classify different types of drugs and their effects, so that I can develop targeted treatment plans.","As a specialist in drug studies, my aim is to employ categorization techniques for identifying various medication categories and impacts, enabling me to create specific therapertive strategies."
Literature,unsupervised clustering,"As a literary critic, I want to use unsupervised clustering to identify groups of literary works with similar themes and study their relationship to patterns of literary analysis and interpretation.","As an evaluator of literature, my goal is to employ unguided classification techniques in order to discover clusters of written pieces that share common motifs and investigate how these groupings correlate with trends within the realm of literary critique and exposition."
Medicine,liquid state machine,"As a medical researcher, I want to use liquid state machines to analyze and predict the efficacy of drugs and treatments based on various factors, such as dosage, patient demographics, and disease progression, allowing for better decisions about drug development and clinical trials.","As an investigator in medical studies, I aim to utilize liquid state networks for evaluating and forecasting the effectiveness of medications and therapies by considering multiple aspects like dosage levels, demographic data of patients, and stages of disease advancement, which will facilitate enhanced decision-making regarding drug creation and clinical experimentation."
Social Media,explicit semantic analysis,"As a social media analyst, I want to use explicit semantic analysis to identify sentiment and trends on social media platforms, so that I can improve social media engagement and better understand user behavior.","As an expert in analyzing social networks, my goal is to employ explicit semantic evaluation techniques for discerning opinions and patterns within various online community channels. This will assist me in enhancing interactions across these platforms and gaining deeper insnsticts into the actions of their users."
Cardiology,elman network,"As a cardiologist, I want to use Elman networks to predict which patients are most at risk of developing heart disease based on their medical history, lifestyle factors, and genetic information. I also want to use Elman networks to model the progression of heart disease and predict the effectiveness of different treatments.","As a heart specialist, my aim is to leverage Elman networks for forecasting patients' susceptibility to cardiovascular illness by analyzing their health history, lifestyle habits, and hereditary data. Additionally, I intend to employ Elnmann networks to simulate the advancement of heart-related ailments while determining the potential success rate of various therapeutic options."
Transportation,computational linguistics,"As a transportation analyst, I want to use computational linguistics to analyze social media data and understand how people are discussing transportation issues in different regions.","As an expert examining travel patterns, my aim is to employ techniques from natural language processing for the interpretation of conversations on digital platforms, with a focus on gaining insights into regional dialogues about mobility-related concerns."
Radiology,supervised deep networks,"As a radiologist, I want to use supervised deep networks to detect and classify anomalies in medical images such as tumors and fractures.","As a healthcare professional specializing in imaging analysis, my objective is to leverage the power of supervised learning with deep neural networks for identifying and categorizing irregularities within diagnostic scans, including malignancies like tumors or structural issues such as bone fractures."
Economics,elbot,"As an economist, I want to use Elbot to analyze and forecast economic trends and outcomes, in order to inform economic policy decisions.","As a professional in economics, my objective is to leverage Elbot for the purpose of examining and predicting future patterns and results within the economy, ultimately guiding informed policymaking choices."
Sociology,lifelong machine learning,"As a sociologist, I want to use lifelong machine learning to continuously improve my sociological models and theories and adapt them to changing social trends and patterns, in order to provide more accurate and insightful analysis of social phenomena and trends for use in social science research and other applications.","As an expert in the field of sociology, I seek to employ ongoing machine learning techniques that progressively refine my sociological frameworks and concepts while adjusting to evolving societal shifts and behaviors, thereby enhancing precision and depth in examining social trends for application in academic research as well as various other domains."
Transportation,cnn,"As a transportation engineer, I want to use CNNs to classify different types of traffic patterns based on traffic camera footage, so that I can better understand traffic flows and develop targeted traffic management strategies.","As an expert in transport engineering, my goal is to utilize Convolutional Neural Networks (CNNs) for identifying various traffic trends through the analysis of video data captured by traffic cameras. This approach will enable me to gain deeper insnights into vehicular movement and formulate precise strategies for managing traffic efficiently."
Biology,speech synthesis,"A team of bioacoustics researchers is using speech synthesis technology to study the vocalizations of non-human animals, such as birds and whales. The machine learning algorithms are trained to synthesize animal sounds, allowing the researchers to better understand the acoustic communication systems of different species.","Bioacoustics experts employ speech synthesis tools to analyze communications between various non-human creatures like avians and cetaceans. They utilize machine learning models trained to recreate animal vocalizations, enhancing their comprehension of distinctive acoustic communication methods across different species."
Psychology,pattern recognition,"As a psychologist, I want to use pattern recognition to identify patterns in patient behavior data and predict patient outcomes to inform treatment plans.","As an expert in psychology, my objective is to utilize pattern analysis techniques for detecting recurring behaviors within patients' data sets, enabling me to forecast potential results which can guide the development of therapertient care strategies."""""""
Social Media,tokenization,"As a social media marketer, I want to tokenize user comments to understand sentiment towards a product.","As a digital marketing specialist for social platforms, my goal is to break down consumer feedback into smaller parts in order to analyze their emotions and opinions about an item."
Political Science,feature extraction,"As a political scientist, I want to use feature extraction to identify and extract meaningful features from political data, such as voting patterns and political affiliation, so that we can better understand and analyze political systems.","As an expert in political analysis, my aim is to leverage feature extraction techniques for discerning significant attributes from datasets related to politics, including electoral trends and party alignment, ultimately enabling a deeper comprehension and examination of governmental structures."
Library,multinomial logistic regression,"As a librarian, I want to use multinomial logistic regression to predict user preferences and needs based on library usage data and user characteristics to enhance access and discovery for library users.","As an archivist, my objective is to employ multinomial logistic regression techniques in forecasting the interests and requirements of patrons by analyzing their interactions with the library and personal attributes, thereby improving ease of access and exploration within the library environment."
Social Networks,recurrent network,"As a social network, I want to use a recurrent network to predict user connections and social network dynamics, based on historical data and social network interactions, so that I can improve the social network experience for my users.","As an online community platform, we aim to employ a sequential model to forecast relationships and changes within the social landscape by analyzing past records and current engagements. This will enable us to enhance user engagement on our site."
Movies,keyword spotting,"As a movie producer, I want to use keyword spotting to identify specific themes and elements in movie scripts, so that I can develop more engaging and successful movies.","As an individual responsible for creating films, my aim is to utilize the technique of keyword detection within screenplays to pinpoint distinct motifs and components. This approach will assist me in crafting captivating and triumphant cinematic productions."
Movies,dependency parsing,"As a film analyst, I want to use dependency parsing to analyze movie scripts and identify narrative patterns.","In my role as a cinema evaluator, it is crucial for me to leverage dependency parsing techniques in order to dissect screenplay content and recognize storytelling structures."
Literature,representation learning,"As a literary scholar, I want to use representation learning to analyze literary data and identify key features that are predictive of literary success, so that we can design better literary analysis tools and publishing strategies.","As an expert in literature studies, my aim is to apply representation learning techniques for examining literary information with the goal of pinpointing essential characteristics indicative of a work't prosperity. This will enable us to create more effective literary evaluation instruments and develop improved approaches for publishing."
Computer Vision,text mining,"As a computer vision researcher, I want to mine image data to analyze image content and context to inform computer vision research and application.","As an investigator in the field of computer vision, my goal is to extract insights from image datasets by examining their visual elements and surrounding environment to enhance both theoretical understanding and practical use in computer vision technology."
Political Science,classifier chain,"As a political scientist, I want to use a classifier chain to predict different types of political outcomes, taking into account the interactions between multiple factors, such as public opinion and media coverage, so that I can better understand political dynamics.","As an expert in politics, my goal is to leverage the power of a classifier chain technique for forecasting various kinds of political events by considering how interconnected elements like societal sentiments and press exposure impact each other, ultimately enhancing my comprehension of political processes."
Social Work,tree algorithms,"As a social worker, I want to use tree algorithms to analyze patient data and identify factors that influence mental health outcomes.","As a professional in social work, my goal is to employ tree-based algorithms for examining patient information and pinpointing elements that impact the results of psychological wellness."
Demography,decision boundary,"As a demographer, I need to identify the decision boundary for a population segmentation model to analyze demographic trends.","As an expert in population studies, it is essential for me to determine the dividing line within a classification algorithm used to examine shifts and patterns in various population groups."
Social Networks,part-of-speech,"As a social network researcher, I want to use part-of-speech tagging to analyze messages exchanged between users to identify patterns in communication.","As an investigator of social networking trends, my objective is to employ the technique of labeling words according to their grammatical role within messages shared by individuals, with the aim of detecting recurring themes and styles in dialogue exchange."
Computer Vision,support vector regression,"As a computer vision researcher, I want to use Support Vector Regression (SVR) to predict the performance of object detection and recognition algorithms based on various visual features such as color, texture, and shape so that I can optimize algorithm design and improve accuracy.","As an expert in computer vision studies, my aim is to utilize Support Vector Regression (SVR) for forecasting how well object identification and classification techniques will perform by analyzing different imagery aspects like hue, surface patterns, and geometry, enabling me to refine the algorithms' efficiency and enhance their precision."
Psychology,graph mining,"As a psychologist, I want to use graph mining to analyze social networks and identify factors that contribute to mental health, so that I can develop more effective interventions and treatment plans.","As an expert in psychology, my objective is to employ graph analysis techniques for examining the intricacies of social connections, pinpoint determinants influencing mental well-being, thereby enhancing the design of targeted therapsychological strategies and therapies."
Transportation,multiword expressions,"As a transportation engineer, I want to extract multiword expressions from social media data related to traffic to analyze traffic patterns.","As an expert in transportation analysis, my goal is to gather phrases consisting of multiple words from online discussions about traffic conditions so that I can examine and understand the trends in traffic flow."
Literature,value iteration,"As a literary critic, I want to use value iteration to optimize the allocation of literary resources and improve access to literature, so as to promote literacy and cultural understanding.","As an expert reviewer in literature, my objective is to employ value iteration techniques for enhancing the distribution of literary assets, which will ultimately foster greater reading proficiency and deepen appreciation for diverse cultures."
Information Systems,sentence extraction,"As an information systems analyst, I want to use sentence extraction to automatically identify key information from user feedback, to quickly identify common issues and areas for improvement in software and enhance user experience.","As a system specialist focusing on data analysis, my objective is to implement automated sentence summarization techniques to extract crucial insights from customer comments. This approach will enable me to swiftly pinpoint prevalent problems and potential development opportunities within applications, ultimately leading to an improved user interface and overall experience for the end-users."
Psychology,lexical choice,"As a psychologist, I want to use a machine learning system for lexical choice to improve the accuracy and readability of my research papers and psychological reports, so that I can better communicate my findings to other mental health professionals and patients.","As an expert in psychology, I seek to implement a machine learning-based lexical selection tool with the aim to enhance both precision and clarity within my scholarly articles and clinical assessments. This will enable me to effectively convey my insights to fellow mental health practitioners as well as patients."
Cardiology,word error rate,"As a cardiologist, I want to use word error rate to evaluate the accuracy of automated transcription of medical reports and patient notes, so that I can provide more accurate and effective treatments for my patients.","As a heart specialist, my aim is to employ word error rate as a metric to assess the precision of machine-generated text conversion in clinical records and patient observations, which will enable me to deliver enhanced theraebuty care solutions."
Health,one-class classification,"As a healthcare professional, I want to use one-class classification to detect anomalous behavior in electronic health records, so that I can identify potential medical errors or fraud.","As someone working in the health sector, my aim is to implement one-class classifiers for spotting irregular patterns within digital patient files, which will aid me in uncovering possible instances of medical discrepancies or deception."
Demography,learning linear model,"As a demographer, I want to use learning linear models to predict population growth and migration patterns in different regions.","As an expert studying populations, my goal is to apply knowledge of linear algorithms for forecasting trends in population expansion and shifts within various areas."
Biology,natural language processing,"A pharmaceutical company is using natural language processing to analyze scientific papers and identify potential drug targets for a particular disease. The machine learning algorithms are trained to recognize key phrases and concepts related to the disease, allowing the company to quickly identify promising targets for further study.","The pharmaceutical firm employs NLP techniques to examine research articles and pinpoint possible medicinal leads for a specific illness. The AI models are programmed to detect important terms and ideas associated with the disease, enabling the business to swiftly discover promising prospects for additional investigation."
Computer Networks,legal information retrieval,"As a network engineer, I want to use a legal information retrieval system powered by machine learning to search and analyze laws and regulations related to data privacy and security, so that I can ensure compliance and protect user data.","As a professional in network engineering, my objective is to leverage an AI-driven legal research tool to efficiently locate and scrutinize legislation pertaining to the safeguarding of personal information and cybersecurity. This will enable me to uphold adherence standards and securely manage user data."
News,question answering,"As a journalist, I want to use question answering to quickly find information about news events and trends, in order to inform my news coverage and reporting.","As an individual working in journalism, I need a tool that employs question-answering technology for rapid retrieval of data on current happenings and patterns, which will enhance the accuracy and depth of my news analysis and storytelling."
Demography,rule induction,"As a demographer, I want to use rule induction to identify the factors that influence migration patterns, so that I can better understand population dynamics.","As an expert in demography, my goal is to utilize rule induction techniques to uncover key elements affecting migration trends, which will enhance my comprehension of demographic shifts."
Endocrinology,pre-trained language model,"As an endocrinologist, I want to use a pre-trained language model to analyze medical research and patient records, to identify patterns in hormone levels and treatment responses, and to use this information to develop more accurate and effective hormone therapies.","As a specialist in hormones, I aim to utilize an existing linguistic AI tool for examining scholarly articles and patient data. The goal is to detect consistent trends concerning hormonal fluctuations and reactions to interventions. This knowledge will then be applied towards creating improved hormone-based treatments."
Information Systems,fasttext,"As an information systems professional, I want to use fasttext to classify and categorize information in databases and information systems, so that users can find information more easily and accurately.","As a specialist in information systems, my objective is to utilize the fasttext tool for effectively organizing and labeling data within databases and other relevant platforms, ultimately enhancing the ease and precision with which users can retrieve necessary information."
Music,encoder-decoder model,"As a music producer, I want to use an encoder-decoder model to generate personalized music recommendations for listeners based on their historical listening behavior and interests, in order to improve user engagement and satisfaction.","As the individual creating music tracks, I aim to utilize an encoder-decoder framework that analyzes a listener's past preferences and activities to craft tailored musical suggestions, enhancing overall enjoyment and interaction with our content."
Sociology,phrase embeddings,"As a sociologist, I want to use phrase embeddings to analyze the relationships between social phenomena and their representation in social media to better understand public perceptions of social issues and inform social theory and analysis.","As an analyst specializing in society, I aim to employ word vector representations for examining connections between societal occurrences and how they are portrayed on online platforms; this will enhance my comprehension of communal attitudes towards social matters while providing valuable insights that could refine sociological theories and methodologies."
Social Work,stemming,"As a social worker, I want to use stemming algorithms to analyze social work case notes and identify related cases, so that I can better understand and address the needs of my clients.","As a professional in social services, I aim to employ stemming techniques for examining records from client sessions to recognize connections between different situations, thus enhancing my comprehension and support towards their requirements."
Social Media,information processing language,"As a social media marketer, I want to use information processing language to develop algorithms for analyzing user interests and preferences from social media data, in order to develop more effective social media marketing strategies.","As someone responsible for promoting products on social networks, I aim to employ natural language processing techniques to create programs that can evaluate users' tastes and likings based on their online behavior. The purpose is to formulate superior approaches for advertising through social channels."
Finance & Marketing,learning linear model,"As a marketer, I want to use learning linear models to predict consumer behavior and optimize advertising campaigns.","As a marketing professional, my objective is to employ linear regression techniques for forecasting customer actions and enhancing the effectiveness of promotional initiatives."
Endocrinology,random subspace method,"As an endocrinologist, I want to use the random subspace method to identify the most significant factors that affect diabetes risk.","As a specialist in hormone-related disorders, my goal is to employ the technique of creating multiple subsets for analysis to pinpoint the key variables contributing to an increased likelihood of developing diabetes."
Music,regularization,"As a music producer, I want to use regularization techniques to improve the accuracy of my music recommendation models and better match listeners with new music.","As a creator in the music industry, I aim to employ normalization methods to enhance the precision of my musical suggestion algorithms for more effectively aligning tunes with their intended audience."
Demography,learning from implicit feedback,"As a demographer, I want to use learning from implicit feedback to better understand population migration patterns and identify factors that influence people to move to different areas, allowing for more accurate projections of future population trends and resource allocation.","As an expert in population studies, my aim is to utilize insights gained from subtle indications to enhance comprehension of human relocation behaviors and pinpoint the elements that prompt individuals to settle in various locations. This will enable more precise forecasts regarding forthcoming demographic shifts and distribution of resources."
Urban Studies,spiking neural network,"As an urban planner, I want to use spiking neural networks to analyze data on population growth, migration, and housing patterns so that I can make informed decisions about land use, zoning, and infrastructure development.","As a city planner, my aim is to employ the utilization of spiking neural networks for studying information regarding demographic expansion, movement of people, and residential trends. This will assist me in formulating well-informed choices concerning land management, regulation areas, as well as establishments' development."
Finance & Marketing,query expansion,"As a marketer, I want to use query expansion to identify new market trends and opportunities by expanding the search to include related keywords and market data, in order to improve marketing strategies and performance.","As a professional in marketing, my objective is to leverage query expansion techniques for discovering fresh industry patterns and prospects through broadened searches that encompass associated terms and market information. This will enable me to refine and enhance our promotional tactics and results."
Computer Networks,fss-svm,"As a network engineer, I want to use FSS-SVM to select the most informative network features from large datasets of network traffic data, so that I can better optimize network performance and improve security.","As a specialist in networking systems, my aim is to employ the Feature Selection Support Vector Machine (FSS-SVM) method for identifying key attributes within extensive sets of network activity records. This will enable me to enhance the efficiency of our network operations and bolster its security measures more effectively."
Law,inductive logic learning,"As a legal researcher, I want to use inductive logic learning to identify patterns in legal cases, in order to develop new insights into legal decision-making and inform legal policy decisions.","As an individual involved with legal analysis, my objective is to employ inductive reasoning techniques to detect recurring trends within judicial rulings. This will enable me to generate fresh perspectebles on the process of adjudication and contribute valuable information for shaping legislative directives."
Radiology,random forest,"As a radiologist, I want to use random forest models to predict disease progression and treatment outcomes based on variables such as patient demographics, medical history, and imaging results, in order to improve patient care and inform medical practice.","As an expert in interpreting medical images, my goal is to employ random forest algorithms for forecasting the advancement of illnesses and therapy effectiveness by considering factors like age, health background, and scan data to enhance treatment quality and guide clinical decision-making processes."
Music,feedforward neural network,"As a musician, I want to use a feedforward neural network to predict musical success and audience preferences based on music data, so that I can better inform music production decisions and improve my compositions.","As an artist, I aim to utilize a feedforward neural network for forecasting the popularity of my music among listeners by analyzing various music attributes, enabling me to make more informed choices in creating songs and refining them according to audience tastes."
Political Science,inverse reinforcement learning,"As a political scientist, I want to use inverse reinforcement learning to understand the factors that influence political decision-making and voting behavior, so that I can better understand political trends and make predictions.","As an expert in political science, my aim is to apply inverse reinforcement learning techniques to identify key elements shaping political choices and electoral patterns, enabling a deeper comprehension of political dynamics and facilitating the forecasting of future events."
Sociology,early stopping,"As a sociologist, I want to use early stopping to prevent overfitting in models that predict social inequality and mobility from survey data.","As an expert in sociology, my objective is to incorporate the technique of early stopping into machine learning models aimed at forecasting patterns of social disparity and upward movement within society based on responses gathered through surveys."
Finance & Marketing,machine learning,"As a marketer, I want to use machine learning to analyze consumer data and develop more targeted marketing campaigns that are more effective at driving sales.","As someone in charge of promotions, my aim is to employ artificial intelligence techniques for interpreting customer information so as to craft highly specific advertising strategies that significantly boost revenue generation."
News,glove,"As a news analyst, I want to use GloVe to analyze and understand patterns of language use and sentiment in news media to help identify potential biases, fake news, and other forms of media manipulation and promote more informed and ethical news reporting.","As an individual specializing in evaluating news content, my objective is to employ the GloVe technique for examining linguistic trends and emotional tones within journalism outlets. This will assist me in pinpointing possible prejudices, misleading information, and various types of media distortion. Ultimately, this practice aims to encourage more responsible and transparent news coverage."
Music,rnn architecture,"As a music producer, I want to use RNN architecture to analyze listener data over time, so that we can identify trends and patterns in music preferences and design better music recommendation systems.","As someone creating music, it's important for me to apply recurrent neural network models when studying the evolution of listeners' choices. This will help us recognize emerging tendencies within musical likes and dislikes, ultimately allowing us to enhance our strategies in suggesting songs effectively."
