Domain,Machine Learning Task,User Story,par gemma:7b
Economics,hierarchical clustering,"As an economist, I want to use hierarchical clustering to group similar economic sectors and industries based on the financial and economic indicators of business data to improve the accuracy and efficiency of economic analysis and prediction.","Economists want to use hierarchical clustering to categorize economic sectors and industries based on their financial and economic data, enhancing the precision of economic evaluations and forecasts."
Computer Vision,canonical correlation analysis,"As a computer vision researcher, I want to use canonical correlation analysis to identify the relationship between image features and object recognition accuracy.","**

Researchers want to explore the connection between visual features extracted from images and the accuracy of object recognition using canonical correlation analysis."
Law,machine learning,"As a lawyer, I want to use machine learning to analyze case data and predict outcomes to inform legal strategy and improve outcomes for clients.",Lawyers can leverage machine learning to analyze legal case data and forecast outcomes to guide their strategies for better client outcomes.
Transportation,information retrieval,"As a transportation analyst, I want to use information retrieval to search for and extract relevant information on traffic patterns and infrastructure variables from large-scale transportation datasets, in order to develop more effective transportation management strategies.",Transportation analysts need a tool to efficiently retrieve and analyze traffic data from extensive datasets to optimize transportation planning decisions.
Plant Science,semantic dependency parsing,"As a plant scientist, I want to use semantic dependency parsing in machine learning models to analyze plant genetic and molecular data, such as gene expression and protein interactions, to identify the functional relationships between genes and to understand the underlying biological processes that affect plant growth and productivity.","**

Scientists want to analyze genetic and molecular data of plants using machine learning to uncover relationships between genes and their influence on plant growth and productivity."
Literature,document clustering,"As a literary critic, I want to apply document clustering to group literary texts by genre or author, so that I can more easily analyze literary trends and develop more informed literary criticism.","Literary critics want to use document clustering to categorize books based on genre or author, enabling them to better understand literary patterns and strengthen their criticism."
News,speech synthesis,"As a news editor, I want to use speech synthesis to generate audio versions of news articles and broadcasts, which can help me to improve accessibility for people with visual impairments.",News editors want to create audio versions of news content to enhance accessibility for visually impaired individuals.
Pediatrics,similarity learning,"As a pediatrician, I want to use similarity learning algorithms to analyze patient data and identify similarities between different childhood diseases, to better understand patient needs and inform treatment decisions.","Pediatricians can leverage similarity learning to uncover patterns in pediatric disease data, identifying similarities between different childhood ailments to optimize healthcare strategies."
Economics,neuromorphic engineering,"As an economist, I want to use neuromorphic engineering to model and predict economic behavior and trends, so that we can make better decisions about resource allocation and policy-making.",Economists can leverage neuromorphic engineering to simulate and forecast economic actions and patterns to optimize resource allocation and policy strategies.
Urban Studies,case-based reasoning,"As a city planner, I want to use case-based reasoning to identify the best solutions for a particular urban planning problem.","**

City planners can utilize case studies to make informed decisions when addressing urban planning challenges."
Computer Networks,supervised learning,"As a network administrator, I want to use supervised learning to analyze network data and predict network failures or security breaches, so that I can improve network reliability and security.","**

Network administrators need to utilize supervised learning algorithms to analyze network data and proactively identify potential network disruptions or security threats."
Health,data augmentation,"As a healthcare provider, I want to use data augmentation techniques to generate additional training data for machine learning models used in disease diagnosis and treatment outcome prediction, so that the models can be more accurate and generalize better across different patient populations and regions.",Healthcare providers need to enhance the accuracy and generalization of machine learning models used in disease diagnosis and treatment prediction by utilizing data augmentation methods to create additional training data.
Computer Networks,backpropagation,A network engineer is using machine learning to detect anomalies in network traffic. They are training a neural network using backpropagation to improve the accuracy of the anomaly detection model.,"**

A network engineer is training a neural network to identify unusual patterns in network data. The network learns through a process called backpropagation, which helps refine the model's accuracy for anomaly detection."
Health,sentence generation,"As a healthcare provider, I want to use sentence generation to automatically generate patient education materials, to improve patient outcomes and standardize documentation.",Healthcare providers want to create patient education materials quickly and efficiently using AI-powered sentence generation to enhance patient care and consistency.
Economics,reinforcement learning,"As an economist, I want to use reinforcement learning to develop more accurate models of market dynamics and behavior.",Economists desire to utilize reinforcement learning for constructing more sophisticated models that capture market dynamics and behavior with greater precision.
Urban Studies,computational linguistics,"As an urban planner, I want to use computational linguistics to analyze news articles and social media posts to understand how residents feel about proposed changes to the city's transportation infrastructure.","**

Urban planners need a tool to analyze public sentiment around transportation infrastructure changes, using data from news articles and social media."
Political Science,latent dirichlet allocation,"As a political scientist, I want to use latent Dirichlet allocation to identify latent topics in political speeches related to foreign policy, so that I can better understand political discourse and identify potential areas of disagreement.","**

Political scientists want to analyze political speeches on foreign policy using latent Dirichlet allocation to uncover hidden topics and identify areas of divergence in political discourse."
Sport,classification method,"As a sports analyst, I want to use classification methods to classify different types of player performance, so that I can better predict game outcomes.","**

Sports analysts need classification tools to categorize player performance data, enabling them to forecast game outcomes more accurately."
Literature,c4.5 algorithm,"As a literary scholar, I want to use the C4.5 algorithm to analyze patterns in literary texts and identify themes, motifs, and other literary elements.",Literary scholars want to use the C4.5 algorithm to analyze literature and uncover recurring themes and stylistic features.
News,factorization method,"As a journalist or news analyst, I want to use factorization methods to analyze news data and identify key factors affecting news coverage and public opinion, so that I can provide better news analysis and insights.",Journalists and analysts need to leverage factorization techniques to explore news data and uncover significant factors influencing news reporting and public sentiment.
Social Media,embedding approach,"As a social media analyst, I want to use an embedding approach to represent user profiles and their interests based on their social media activity and interactions, in order to recommend personalized content and advertisements.","**

To enhance content personalization, create a system that analyzes social media behavior to represent user profiles and interests as embedded data."
Cardiology,backpropagation,"A cardiologist is using machine learning to predict the risk of heart disease in patients based on various factors such as age, gender, and lifestyle. They are training a neural network using backpropagation to improve the accuracy of the risk prediction model.","**

A cardiologist is building a machine learning model to assess the likelihood of heart disease in patients, using factors like age, gender, and lifestyle as input. They are using a neural network with backpropagation to refine the model's accuracy."
Nephrology,fully connected layer,"As a nephrologist, I want to use fully connected layers to predict kidney outcomes based on large datasets of patient kidney data, so that I can better diagnose and treat kidney disease.",Nephrologists can utilize fully connected neural layers to forecast kidney health outcomes from extensive datasets of patient kidney records to enhance kidney diagnosis and treatment.
Movies,multi-class classification,"As a movie producer, I want to use multi-class classification to classify different types of movie genres based on their characteristics and audience appeal, in order to develop more effective marketing and distribution strategies.","**

Movie producers need a system to categorize movies into different genres based on their characteristics and audience appeal."
Linguistics,string kernel,"As a linguist, I want to use string kernel methods to analyze patterns in language data, such as word frequencies and grammatical constructions, and identify common linguistic themes and trends, such as the emergence of new words and language families, in order to develop more accurate models of language acquisition and processing and improve natural language processing systems.","Linguists can utilize string kernel methods to explore language patterns like word usage and grammatical structures, uncovering recurring themes and trends to enhance language models and improve NLP systems."
Pharmacology,multi-class classification,"As a pharmacologist, I want to use multi-class classification to classify different types of drugs based on their molecular and cellular targets, in order to develop more effective drug therapies and improve patient outcomes.",Pharmacologists desire the ability to classify drugs based on their targets to enhance drug efficacy and patient outcomes.
Computer Networks,reservoir computing,"As a network engineer, I want to use reservoir computing to analyze network data and identify key factors that contribute to network performance and security, so that we can design better network systems.",Network engineers want to utilize reservoir computing to explore network data and pinpoint elements that significantly impact network efficiency and security.
Sociology,neural gas,"As a sociologist, I want to use neural gas to analyze and classify social data, such as survey responses and interview transcripts, so that I can better understand social structures and social change.",Sociologists can use neural gas technology to analyze and categorize social data to gain insights into social patterns and transformations.
Radiology,policy iteration,"As a radiologist, I want to use policy iteration to optimize patient treatment plans by developing a policy that considers factors such as medical imaging results, patient medical history, and treatment effectiveness.","Radiologists can optimize patient treatment plans using policy iteration by incorporating medical imaging data, medical history, and treatment outcomes into their guidelines."
Linguistics,representation learning,"As a linguist, I want to use representation learning to analyze language data and identify key features that are predictive of language acquisition and usage, so that we can design better language education and translation systems.","Linguists can utilize representation learning to analyze language data to pinpoint features that influence language learning and use, enabling the development of improved language teaching and translation tools."
Literature,named entity recognition,"As a literary critic, I want to use named entity recognition to automatically identify and classify literary works and authors mentioned in literary analysis and criticism, so that I can better understand literary trends and analyze the cultural significance of different works.",Literary critics want to automatically identify and categorize literary works and authors mentioned in analysis to better track literary trends and assess cultural impact.
Library,neural network,"As a librarian, I want to use neural networks to analyze and predict book demand and popularity, so that I can improve book collection and availability for readers.","Librarians desire the ability to leverage neural networks to assess and forecast book popularity, enabling informed collection management to optimize book availability for patrons."
Dermatology,fss-svm,"As a dermatologist, I want to use FSS-SVM to select the most important dermatological features from large datasets of patient skin data, so that I can better diagnose and treat skin conditions.",Dermatologists can use FSS-SVM to identify key features in patient skin data to enhance diagnosis and treatment of skin disorders.
Information Systems,pre-trained language model,"As an information systems analyst, I want to use a pre-trained language model to analyze system logs and user feedback, to identify system performance issues and user behavior patterns, and to use this information to develop more effective system design and troubleshooting strategies.","**

To enhance system efficiency, we need to utilize a pre-trained language model to analyze system data and user input, uncovering performance bottlenecks and user behavior trends. This knowledge will guide future system optimization and troubleshooting efforts."
Library,neuromorphic engineering,"As a librarian, I want to explore the use of neuromorphic engineering in developing tools for more efficient cataloging and organization of library materials, so that we can improve access to information and knowledge.","Librarians desire to utilize neuromorphic technology to enhance the efficiency of library cataloging and organization, ultimately facilitating improved access to library resources."
Sport,conversational understanding,"As a sports organization, I want to use conversational understanding to develop a chatbot that can provide real-time updates on scores, schedules, and player statistics.","**

Create a conversational chatbot that delivers real-time sports information, including scores, schedules, and player stats."
Pediatrics,stochastic semantic analysis,"As a pediatrician, I want to use stochastic semantic analysis to analyze patterns in child health data and identify common trends in child health outcomes, in order to improve preventive care and early intervention for childhood illnesses.","Pediatricians want to analyze child health data using a statistical technique called stochastic semantic analysis to uncover patterns and trends in childhood health outcomes, with the aim of enhancing preventive care and early intervention for illnesses."
Sociology,natural language semantics,"As a sociologist, I want to use natural language semantics to analyze social media posts and other online content, so that I can understand the underlying attitudes and beliefs that shape public opinion on social issues.","**

Sociologists can use natural language processing to analyze online content to uncover public attitudes and beliefs on social issues."
Music,feature sets,"As a musician, I want to use feature sets to group music data by genre and rhythm, so that I can better understand musical trends and inform my own compositions.",Musicians can categorize music data based on genre and rhythm using feature sets to analyze musical trends and inspire their compositions.
Nephrology,perceptron,"As a nephrologist, I want to use perceptron to classify kidney disease based on patient health data to inform treatment plans and predict disease progression.",Nephrologists can utilize perceptron to categorize kidney disease based on patient medical records to guide treatment strategies and anticipate disease advancement.
Demography,novelty detection,"As a demographer, I want to use novelty detection to identify new demographic trends and patterns, so that we can better understand the dynamics of population change.","**

To better track population shifts, we need a tool to detect unusual patterns in demographic data."
Urban Studies,n-grams,"As an urban planner, I want to use n-grams to analyze patterns in urban development and land use, so that I can better understand how cities evolve over time and make recommendations for sustainable urban planning.",Urban planners need to analyze patterns in urban development and land use using n-grams to track how cities evolve and make sustainable planning recommendations.
Pharmacology,classification method,"As a pharmacologist, I want to use classification methods to classify different types of drugs and their effects, so that I can develop targeted treatment plans.","Pharmacologists need classification tools to categorize drugs and their impacts, enabling the creation of tailored treatment strategies."
Literature,unsupervised clustering,"As a literary critic, I want to use unsupervised clustering to identify groups of literary works with similar themes and study their relationship to patterns of literary analysis and interpretation.",Literary critics can use unsupervised clustering to categorize books with shared thematic elements and explore their connections to analytical approaches.
Medicine,liquid state machine,"As a medical researcher, I want to use liquid state machines to analyze and predict the efficacy of drugs and treatments based on various factors, such as dosage, patient demographics, and disease progression, allowing for better decisions about drug development and clinical trials.","Medical researchers need liquid state machines to evaluate drug effectiveness and treatment outcomes based on dose, patient characteristics, and disease progression."
Social Media,explicit semantic analysis,"As a social media analyst, I want to use explicit semantic analysis to identify sentiment and trends on social media platforms, so that I can improve social media engagement and better understand user behavior.","**

To enhance social media engagement and track user behavior, I need a tool that can analyze social media data using explicit semantic analysis to determine sentiment and identify trends."
Cardiology,elman network,"As a cardiologist, I want to use Elman networks to predict which patients are most at risk of developing heart disease based on their medical history, lifestyle factors, and genetic information. I also want to use Elman networks to model the progression of heart disease and predict the effectiveness of different treatments.","Cardiologists can utilize Elman networks to assess the risk of heart disease in patients, using their medical records, lifestyle habits, and genetic data as input. Additionally, these networks can be employed to track the progression of heart disease and assess the efficacy of treatment options."
Transportation,computational linguistics,"As a transportation analyst, I want to use computational linguistics to analyze social media data and understand how people are discussing transportation issues in different regions.",Analysts can utilize computational linguistics to analyze social media conversations related to transportation to assess public sentiment and concerns across different geographical areas.
Radiology,supervised deep networks,"As a radiologist, I want to use supervised deep networks to detect and classify anomalies in medical images such as tumors and fractures.",Radiologists need supervised AI models to identify and categorize anomalies in medical images like tumors and fractures.
Economics,elbot,"As an economist, I want to use Elbot to analyze and forecast economic trends and outcomes, in order to inform economic policy decisions.",Economists can use Elbot to study and anticipate economic changes to guide policy decisions.
Sociology,lifelong machine learning,"As a sociologist, I want to use lifelong machine learning to continuously improve my sociological models and theories and adapt them to changing social trends and patterns, in order to provide more accurate and insightful analysis of social phenomena and trends for use in social science research and other applications.","Sociologists can use machine learning to refine their models and theories over time, ensuring they remain relevant to evolving social trends and providing deeper understanding of social phenomena."
Transportation,cnn,"As a transportation engineer, I want to use CNNs to classify different types of traffic patterns based on traffic camera footage, so that I can better understand traffic flows and develop targeted traffic management strategies.",Transportation engineers want to use convolutional neural networks to categorize traffic patterns from camera footage to optimize traffic flow and develop targeted management strategies.
Biology,speech synthesis,"A team of bioacoustics researchers is using speech synthesis technology to study the vocalizations of non-human animals, such as birds and whales. The machine learning algorithms are trained to synthesize animal sounds, allowing the researchers to better understand the acoustic communication systems of different species.","Researchers are using AI to create realistic recordings of animal vocalizations, enhancing their understanding of the communication methods of birds and whales."
Psychology,pattern recognition,"As a psychologist, I want to use pattern recognition to identify patterns in patient behavior data and predict patient outcomes to inform treatment plans.",Psychologists can utilize pattern recognition to uncover patterns in patient behavior data and forecast patient outcomes to guide treatment strategies.
Social Media,tokenization,"As a social media marketer, I want to tokenize user comments to understand sentiment towards a product.","**

To analyze sentiment, I need to break down user comments into individual words or phrases."
Political Science,feature extraction,"As a political scientist, I want to use feature extraction to identify and extract meaningful features from political data, such as voting patterns and political affiliation, so that we can better understand and analyze political systems.","**

Political scientists need a method to extract significant features from political data to gain deeper insights into voting behavior and political affiliations."
Library,multinomial logistic regression,"As a librarian, I want to use multinomial logistic regression to predict user preferences and needs based on library usage data and user characteristics to enhance access and discovery for library users.","Librarians aim to utilize machine learning to analyze library usage data and user characteristics in order to better understand user preferences and needs, ultimately improving library access and discovery."
Social Networks,recurrent network,"As a social network, I want to use a recurrent network to predict user connections and social network dynamics, based on historical data and social network interactions, so that I can improve the social network experience for my users.","**

To enhance user experience, we aim to utilize recurrent networks to forecast future user connections and network behavior based on past data and social interactions."
Movies,keyword spotting,"As a movie producer, I want to use keyword spotting to identify specific themes and elements in movie scripts, so that I can develop more engaging and successful movies.","Movie producers want to leverage keyword spotting technology to uncover dominant themes and story elements within movie scripts, enabling them to create more captivating and commercially successful films."
Movies,dependency parsing,"As a film analyst, I want to use dependency parsing to analyze movie scripts and identify narrative patterns.",Analysts can utilize dependency parsing to uncover narrative structures in movie scripts.
Literature,representation learning,"As a literary scholar, I want to use representation learning to analyze literary data and identify key features that are predictive of literary success, so that we can design better literary analysis tools and publishing strategies.",Literary scholars want to analyze literature using machine learning to discover features that influence literary success.
Computer Vision,text mining,"As a computer vision researcher, I want to mine image data to analyze image content and context to inform computer vision research and application.","**

The researcher desires to extract meaningful insights from image data to enhance computer vision understanding and advancements."
Political Science,classifier chain,"As a political scientist, I want to use a classifier chain to predict different types of political outcomes, taking into account the interactions between multiple factors, such as public opinion and media coverage, so that I can better understand political dynamics.","**

Political scientists need a classifier chain tool to forecast various political outcomes, considering the interconnectedness of factors like public sentiment and media reporting."
Social Work,tree algorithms,"As a social worker, I want to use tree algorithms to analyze patient data and identify factors that influence mental health outcomes.",Social workers can utilize tree-based algorithms to explore patient records and uncover factors impacting mental well-being.
Demography,decision boundary,"As a demographer, I need to identify the decision boundary for a population segmentation model to analyze demographic trends.","**

Analysts need to determine the criteria that separate different population segments in order to study demographic patterns."
Social Networks,part-of-speech,"As a social network researcher, I want to use part-of-speech tagging to analyze messages exchanged between users to identify patterns in communication.",Researchers want to analyze social network messages using part-of-speech tagging to uncover communication patterns.
Computer Vision,support vector regression,"As a computer vision researcher, I want to use Support Vector Regression (SVR) to predict the performance of object detection and recognition algorithms based on various visual features such as color, texture, and shape so that I can optimize algorithm design and improve accuracy.","**

Researchers want to use SVR to forecast the efficiency of object detection and recognition algorithms based on visual features like color, texture, and shape to optimize algorithm development for improved accuracy."
Psychology,graph mining,"As a psychologist, I want to use graph mining to analyze social networks and identify factors that contribute to mental health, so that I can develop more effective interventions and treatment plans.",Psychologists can use graph mining to understand social network patterns and uncover factors related to mental health for better interventions.
Transportation,multiword expressions,"As a transportation engineer, I want to extract multiword expressions from social media data related to traffic to analyze traffic patterns.","**

Transportation engineers need to analyze traffic patterns by extracting meaningful phrases from social media data related to traffic."
Literature,value iteration,"As a literary critic, I want to use value iteration to optimize the allocation of literary resources and improve access to literature, so as to promote literacy and cultural understanding.",Literary critics aim to enhance literacy and cultural understanding by efficiently allocating literary resources using value iteration.
Information Systems,sentence extraction,"As an information systems analyst, I want to use sentence extraction to automatically identify key information from user feedback, to quickly identify common issues and areas for improvement in software and enhance user experience.",Analysts can automatically extract important statements from user feedback to pinpoint software issues and improve user experience.
Psychology,lexical choice,"As a psychologist, I want to use a machine learning system for lexical choice to improve the accuracy and readability of my research papers and psychological reports, so that I can better communicate my findings to other mental health professionals and patients.",Psychologists want to enhance the clarity and readability of their written work by leveraging a machine learning tool for word selection.
Cardiology,word error rate,"As a cardiologist, I want to use word error rate to evaluate the accuracy of automated transcription of medical reports and patient notes, so that I can provide more accurate and effective treatments for my patients.",Cardiologists need a way to assess the accuracy of automated transcription for medical records to ensure better treatment outcomes for patients.
Health,one-class classification,"As a healthcare professional, I want to use one-class classification to detect anomalous behavior in electronic health records, so that I can identify potential medical errors or fraud.",Healthcare professionals should be able to identify anomalies in electronic health records using one-class classification to detect potential medical errors or fraud.
Demography,learning linear model,"As a demographer, I want to use learning linear models to predict population growth and migration patterns in different regions.","**

Analysts should utilize linear models to forecast population dynamics and migration trends across different geographical zones."
Biology,natural language processing,"A pharmaceutical company is using natural language processing to analyze scientific papers and identify potential drug targets for a particular disease. The machine learning algorithms are trained to recognize key phrases and concepts related to the disease, allowing the company to quickly identify promising targets for further study.","A pharmaceutical company is using AI to analyze scientific research and discover potential drug targets for a specific disease. The technology can identify important terms and concepts related to the disease, leading to rapid identification of promising targets for investigation."
Computer Networks,legal information retrieval,"As a network engineer, I want to use a legal information retrieval system powered by machine learning to search and analyze laws and regulations related to data privacy and security, so that I can ensure compliance and protect user data.",Network engineers need a machine learning-powered legal research tool to easily navigate data privacy and security regulations.
News,question answering,"As a journalist, I want to use question answering to quickly find information about news events and trends, in order to inform my news coverage and reporting.",Journalist wants to use question-answering to gather news information efficiently for reporting.
Demography,rule induction,"As a demographer, I want to use rule induction to identify the factors that influence migration patterns, so that I can better understand population dynamics.","**

Demographers can use rule induction to discover factors influencing migration patterns to better comprehend population movements."
Endocrinology,pre-trained language model,"As an endocrinologist, I want to use a pre-trained language model to analyze medical research and patient records, to identify patterns in hormone levels and treatment responses, and to use this information to develop more accurate and effective hormone therapies.","**

Endocrinologists need a pre-trained language model to analyze medical data, uncovering patterns in hormone levels and treatment outcomes to enhance the effectiveness of hormone therapies."
Information Systems,fasttext,"As an information systems professional, I want to use fasttext to classify and categorize information in databases and information systems, so that users can find information more easily and accurately.","**

Information systems professionals need a tool to categorize and classify information in databases for improved search and retrieval."
Music,encoder-decoder model,"As a music producer, I want to use an encoder-decoder model to generate personalized music recommendations for listeners based on their historical listening behavior and interests, in order to improve user engagement and satisfaction.","**

Music producers desire an encoder-decoder model to create customized music recommendations for listeners, leveraging their past listening preferences and interests to enhance user engagement."
Sociology,phrase embeddings,"As a sociologist, I want to use phrase embeddings to analyze the relationships between social phenomena and their representation in social media to better understand public perceptions of social issues and inform social theory and analysis.",Sociologists can utilize phrase embeddings to explore the connection between social phenomena and their online presence to gain insights into public attitudes towards social issues.
Social Work,stemming,"As a social worker, I want to use stemming algorithms to analyze social work case notes and identify related cases, so that I can better understand and address the needs of my clients.",Social workers can use stemming algorithms to analyze case notes and find connections between clients' situations.
Social Media,information processing language,"As a social media marketer, I want to use information processing language to develop algorithms for analyzing user interests and preferences from social media data, in order to develop more effective social media marketing strategies.","Social media marketers need algorithms to understand user interests and preferences from social media data, so they can optimize their marketing strategies."
Finance & Marketing,learning linear model,"As a marketer, I want to use learning linear models to predict consumer behavior and optimize advertising campaigns.",Marketers need to utilize linear models to forecast consumer actions and enhance advertising strategies.
Endocrinology,random subspace method,"As an endocrinologist, I want to use the random subspace method to identify the most significant factors that affect diabetes risk.","**

Endocrinologists need a tool to discover key factors influencing diabetes risk using the random subspace method."
Music,regularization,"As a music producer, I want to use regularization techniques to improve the accuracy of my music recommendation models and better match listeners with new music.","**

Producers need to enhance the precision of their music recommendations by incorporating regularization methods."
Demography,learning from implicit feedback,"As a demographer, I want to use learning from implicit feedback to better understand population migration patterns and identify factors that influence people to move to different areas, allowing for more accurate projections of future population trends and resource allocation.","**

To enhance demographic analysis, I need a system that can learn from implicit feedback to pinpoint key factors driving population shifts and predict future population dynamics."
Urban Studies,spiking neural network,"As an urban planner, I want to use spiking neural networks to analyze data on population growth, migration, and housing patterns so that I can make informed decisions about land use, zoning, and infrastructure development.","Urban planners need to leverage spiking neural networks to assess data related to population movement, housing, and urban growth patterns to guide land use planning and infrastructure decisions."
Finance & Marketing,query expansion,"As a marketer, I want to use query expansion to identify new market trends and opportunities by expanding the search to include related keywords and market data, in order to improve marketing strategies and performance.","Marketers desire the ability to leverage query expansion to discover fresh market trends and opportunities by exploring related keywords and market data, ultimately enhancing their marketing strategies."
Computer Networks,fss-svm,"As a network engineer, I want to use FSS-SVM to select the most informative network features from large datasets of network traffic data, so that I can better optimize network performance and improve security.",Network engineers need a tool to identify significant network characteristics from large traffic datasets to enhance network efficiency and security.
Law,inductive logic learning,"As a legal researcher, I want to use inductive logic learning to identify patterns in legal cases, in order to develop new insights into legal decision-making and inform legal policy decisions.","Legal researchers desire to utilize inductive logic learning to discover patterns in legal rulings, thereby gaining deeper understanding of legal reasoning and informing policy formation."
Radiology,random forest,"As a radiologist, I want to use random forest models to predict disease progression and treatment outcomes based on variables such as patient demographics, medical history, and imaging results, in order to improve patient care and inform medical practice.",Radiologists can utilize random forest algorithms to forecast disease progression and treatment outcomes based on patient data.
Music,feedforward neural network,"As a musician, I want to use a feedforward neural network to predict musical success and audience preferences based on music data, so that I can better inform music production decisions and improve my compositions.",Musicians can use a neural network to analyze music data and predict audience preferences to optimize their musical creations.
Political Science,inverse reinforcement learning,"As a political scientist, I want to use inverse reinforcement learning to understand the factors that influence political decision-making and voting behavior, so that I can better understand political trends and make predictions.","**

Political scientists desire to utilize inverse reinforcement learning to explore the determinants of political actions and voting patterns, with the aim of unraveling political patterns and making forecasts."
Sociology,early stopping,"As a sociologist, I want to use early stopping to prevent overfitting in models that predict social inequality and mobility from survey data.",Sociologists should implement early stopping to avoid overfitting when creating models based on surveys to forecast social inequality and mobility.
Finance & Marketing,machine learning,"As a marketer, I want to use machine learning to analyze consumer data and develop more targeted marketing campaigns that are more effective at driving sales.",Marketers want to leverage machine learning to analyze consumer data and create more precise marketing campaigns to increase sales.
News,glove,"As a news analyst, I want to use GloVe to analyze and understand patterns of language use and sentiment in news media to help identify potential biases, fake news, and other forms of media manipulation and promote more informed and ethical news reporting.","News analysts need GloVe to analyze news media for language patterns and sentiment to detect biases, misinformation, and manipulation."
Music,rnn architecture,"As a music producer, I want to use RNN architecture to analyze listener data over time, so that we can identify trends and patterns in music preferences and design better music recommendation systems.","**

Music producers need a tool to analyze listener behavior over time using RNN architecture, in order to understand music preferences and optimize music recommendations."
